"Message",Low,"Build started."
"Message",Low,"Project ""Unnamed_1"" (default targets):"
"Message",Low,"Building with tools version ""4.0""."
"Message",Low,"Target ""PrintILCStartMessage"" in file ""C:\Program Files (x86)\MSBuild\15.0\.Net\.NetNative\15.0.24211\x86\ilc\IlcInternals.targets"" from project ""C:\Users\Rick Pro\Desktop\ContactsApp\ContactsApp\Unnamed_1"" (target ""Build"" depends on it):"
"Message",Low,"Using ""IlcMessageTask"" task from assembly ""C:\Program Files (x86)\MSBuild\15.0\.Net\.NetNative\15.0.24211\x86\ilc\ilc.exe""."
"Message",Low,"Task ""IlcMessageTask"""
"Message",High,"Starting .NET Native compilation"
"Message",Low,"Done executing task ""IlcMessageTask""."
"Message",Low,"Done building target ""PrintILCStartMessage"" in project ""Unnamed_1""."
"Message",Low,"Target ""RunGatekeeper"" in file ""C:\Program Files (x86)\MSBuild\15.0\.Net\.NetNative\15.0.24211\x86\ilc\IlcInternals.targets"" from project ""C:\Users\Rick Pro\Desktop\ContactsApp\ContactsApp\Unnamed_1"" (target ""Build"" depends on it):"
"Message",Low,"Using ""WriteLinesToFile"" task from assembly ""Microsoft.Build.Tasks.v4.0, Version=4.0.0.0, Culture=neutral, PublicKeyToken=b03f5f7f11d50a3a""."
"Message",Low,"Task ""WriteLinesToFile"""
"Message",Low,"Done executing task ""WriteLinesToFile""."
"Message",Low,"Using ""StartProcessTask"" task from assembly ""Microsoft.Build.ILTasks""."
"Message",Low,"Task ""StartProcessTask"""
"Message",Normal,"Launching 'C:\Program Files (x86)\MSBuild\15.0\.Net\.NetNative\15.0.24211\x86\ilc\tools\Gatekeeper.exe @""C:\Users\Rick Pro\Desktop\ContactsApp\ContactsApp\obj\x86\Release\ilc\intermediate\gkargs.rsp""'"
"Message",Low,"Microsoft (R) .NET Native Gatekeeper Version 1.0.24211.00 "
"Message",Low,"Copyright (C) Microsoft Corporation.  All rights reserved. "
"Message",Low," "
"Message",Low,"Checking assembly 'C:\Users\Rick Pro\Desktop\ContactsApp\ContactsApp\obj\x86\Release\ilc\in\ContactsApp.exe'. "
"Message",Normal,"'C:\Program Files (x86)\MSBuild\15.0\.Net\.NetNative\15.0.24211\x86\ilc\tools\Gatekeeper.exe @""C:\Users\Rick Pro\Desktop\ContactsApp\ContactsApp\obj\x86\Release\ilc\intermediate\gkargs.rsp""' completed."
"Message",Normal,"Process execution statistics (all times in milliseconds)"
"Message",Normal,"-----------------------------------------------------------------------------"
"Message",Normal,"launch  |  start   |   stop   |   end    | duration | lifetime | [slot] name"
"Message",Normal,"-----------------------------------------------------------------------------"
"Message",Normal,"       0 |        0 |      437 |      437 |      437 |      437 | [0] Gatekeeper"
"Message",Normal,"Number of commands:      1"
"Message",Normal,"Total system time:       437 ms"
"Message",Normal,"System time per command: 437 ms"
"Message",Normal,"Total duration:          437 ms"
"Message",Normal,"Total lifetime:          437 ms"
"Message",Normal,"Requested DOP:           8"
"Message",Normal,"Duration DOP:            1.0"
"Message",Normal,"Lifetime DOP:            1.0"
"Message",Low,"Done executing task ""StartProcessTask""."
"Message",Low,"Done building target ""RunGatekeeper"" in project ""Unnamed_1""."
"Message",Low,"Target ""LogAppContextSwitches"" in file ""C:\Program Files (x86)\MSBuild\15.0\.Net\.NetNative\15.0.24211\x86\ilc\IlcInternals.targets"" from project ""C:\Users\Rick Pro\Desktop\ContactsApp\ContactsApp\Unnamed_1"" (target ""SetMainTargetPaths"" depends on it):"
"Message",Low,"Using ""Message"" task from assembly ""Microsoft.Build.Tasks.v4.0, Version=4.0.0.0, Culture=neutral, PublicKeyToken=b03f5f7f11d50a3a""."
"Message",Low,"Task ""Message"""
"Message",Normal,"AppContextSwitch: ''"
"Message",Low,"Done executing task ""Message""."
"Message",Low,"Done building target ""LogAppContextSwitches"" in project ""Unnamed_1""."
"Message",Low,"Target ""SetMainTargetPaths"" in file ""C:\Program Files (x86)\MSBuild\15.0\.Net\.NetNative\15.0.24211\x86\ilc\IlcInternals.targets"" from project ""C:\Users\Rick Pro\Desktop\ContactsApp\ContactsApp\Unnamed_1"" (target ""CopyNativeExecutablesToOutput"" depends on it):"
"Message",Low,"Done building target ""SetMainTargetPaths"" in project ""Unnamed_1""."
"Message",Low,"Target ""GenerateFakeExe"" skipped, due to false condition; (!Exists('@(InputILTarget)')) was evaluated as (!Exists('C:\Users\Rick Pro\Desktop\ContactsApp\ContactsApp\obj\x86\Release\ilc\in\ContactsApp.exe'))."
"Message",Low,"Target ""InjectCoreLibTypeForwards"" skipped, due to false condition; ('$(UseSharedAssemblies)' != 'true') was evaluated as ('true' != 'true')."
"Message",Low,"Target ""InjectWindowsRuntimeTypeForwards"" in file ""C:\Program Files (x86)\MSBuild\15.0\.Net\.NetNative\15.0.24211\x86\ilc\IlcInternals.targets"" from project ""C:\Users\Rick Pro\Desktop\ContactsApp\ContactsApp\Unnamed_1"" (target ""RunILTransforms"" depends on it):"
"Message",Low,"Using ""MakeDir"" task from assembly ""Microsoft.Build.Tasks.v4.0, Version=4.0.0.0, Culture=neutral, PublicKeyToken=b03f5f7f11d50a3a""."
"Message",Low,"Task ""MakeDir"""
"Message",Normal,"Creating directory ""C:\Users\Rick Pro\Desktop\ContactsApp\ContactsApp\obj\x86\Release\ilc\intermediate\TransformedSRWR\""."
"Message",Low,"Done executing task ""MakeDir""."
"Message",Low,"Using ""ILTransformTask"" task from assembly ""Microsoft.Build.ILTasks""."
"Message",Low,"Task ""ILTransformTask"""
"Message",Normal,"Running 'InjectWindowsRuntimeTypeForwards' transform, heap at 8 MB."
"Message",Normal,"Running 'WriteAssemblies' transform, heap at 15 MB."
"Message",Normal,""
"Message",Normal,"Transform summary"
"Message",Normal,"    ms | heap delta | name"
"Message",Normal,"    95 |          7 | InjectWindowsRuntimeTypeForwards"
"Message",Normal,"    35 |          1 | WriteAssemblies"
"Message",Low,"Done executing task ""ILTransformTask""."
"Message",Low,"Done building target ""InjectWindowsRuntimeTypeForwards"" in project ""Unnamed_1""."
"Message",Low,"Target ""InjectCoreLibTypeForwards"" skipped, due to false condition; ('$(UseSharedAssemblies)' != 'true') was evaluated as ('true' != 'true')."
"Message",Low,"Target ""PreResolveTransforms"" in file ""C:\Program Files (x86)\MSBuild\15.0\.Net\.NetNative\15.0.24211\x86\ilc\IlcInternals.targets"" from project ""C:\Users\Rick Pro\Desktop\ContactsApp\ContactsApp\Unnamed_1"" (target ""RunILTransforms"" depends on it):"
"Message",Low,"Building target ""PreResolveTransforms"" completely."
"Message",Low,"Output file ""C:\Users\Rick Pro\Desktop\ContactsApp\ContactsApp\obj\x86\Release\ilc\intermediate\PreMergeILTransformed\ContactsApp.exe"" does not exist."
"Message",Low,"Task ""MakeDir"""
"Message",Normal,"Creating directory ""C:\Users\Rick Pro\Desktop\ContactsApp\ContactsApp\obj\x86\Release\ilc\intermediate\PreMergeILTransformed\""."
"Message",Low,"Done executing task ""MakeDir""."
"Message",Low,"Task ""Message"""
"Message",Normal,"Running AssemblyClosureTask in PreResolveTransforms"
"Message",Low,"Done executing task ""Message""."
"Message",Low,"Using ""AssemblyClosureTask"" task from assembly ""Microsoft.Build.ILTasks""."
"Message",Low,"Task ""AssemblyClosureTask"""
"Message",Low,"Done executing task ""AssemblyClosureTask""."
"Message",Low,"Task ""ILTransformTask"""
"Message",Normal,"Running 'ResolveSelfReferences' transform, heap at 24 MB."
"Message",Normal,"Running 'RemoveDuplicateMembers' transform, heap at 36 MB."
"Message",Normal,"Running 'PortableLib' transform, heap at 36 MB."
"Message",Normal,"Running 'WriteAssemblies' transform, heap at 39 MB."
"Message",Normal,""
"Message",Normal,"Transform summary"
"Message",Normal,"    ms | heap delta | name"
"Message",Normal,"    96 |         12 | ResolveSelfReferences"
"Message",Normal,"    41 |          1 | WriteAssemblies"
"Message",Normal,"    35 |          3 | PortableLib"
"Message",Normal,"     0 |          0 | RemoveDuplicateMembers"
"Message",Low,"Done executing task ""ILTransformTask""."
"Message",Low,"Task ""Copy"" skipped, due to false condition; (!Exists('@(IntermediatePreMergeILTransformedExeTarget)') and Exists('@(InputILSymbols)')) was evaluated as (!Exists('C:\Users\Rick Pro\Desktop\ContactsApp\ContactsApp\obj\x86\Release\ilc\intermediate\PreMergeILTransformed\ContactsApp.exe') and Exists('C:\Users\Rick Pro\Desktop\ContactsApp\ContactsApp\obj\x86\Release\ilc\in\ContactsApp.pdb'))."
"Message",Low,"Task ""Copy"" skipped, due to false condition; (!Exists('@(IntermediatePreMergeILTransformedExeTarget)')) was evaluated as (!Exists('C:\Users\Rick Pro\Desktop\ContactsApp\ContactsApp\obj\x86\Release\ilc\intermediate\PreMergeILTransformed\ContactsApp.exe'))."
"Message",Low,"Task ""Copy"" skipped, due to false condition; ('$(HasMcgPatchDlls)'=='true') was evaluated as (''=='true')."
"Message",Low,"Done building target ""PreResolveTransforms"" in project ""Unnamed_1""."
"Message",Low,"Target ""InitInputResourceName"" in file ""C:\Program Files (x86)\MSBuild\15.0\.Net\.NetNative\15.0.24211\x86\ilc\IlcInternals.targets"" from project ""C:\Users\Rick Pro\Desktop\ContactsApp\ContactsApp\Unnamed_1"" (target ""RunILTransforms"" depends on it):"
"Message",Low,"Task ""ResolveFilePathTask"" skipped, due to false condition; ('$(InputPath)' != '' and Exists('$(InputPath)\obj\')) was evaluated as ('C:\Users\Rick Pro\Desktop\ContactsApp\ContactsApp\obj\x86\Release\ilc\in' != '' and Exists('C:\Users\Rick Pro\Desktop\ContactsApp\ContactsApp\obj\x86\Release\ilc\in\obj\'))."
"Message",Low,"Using ""ResolveFilePathTask"" task from assembly ""Microsoft.Build.ILTasks""."
"Message",Low,"Task ""ResolveFilePathTask"""
"Message",Low,"Done executing task ""ResolveFilePathTask""."
"Message",Low,"Done building target ""InitInputResourceName"" in project ""Unnamed_1""."
"Message",Low,"Target ""PreResolveTransforms"" skipped. Previously built successfully."
"Message",Low,"Target ""SetForSharedInputs"" in file ""C:\Program Files (x86)\MSBuild\15.0\.Net\.NetNative\15.0.24211\x86\ilc\IlcInternals.targets"" from project ""C:\Users\Rick Pro\Desktop\ContactsApp\ContactsApp\Unnamed_1"" (target ""ResolveInitialReferences"" depends on it):"
"Message",Low,"Building target ""SetForSharedInputs"" completely."
"Message",Low,"No input files were specified."
"Message",Low,"Task ""IlcErrorTask"" skipped, due to false condition; (!Exists('$(InputSharedAssemblyListPath)')) was evaluated as (!Exists('C:\Program Files (x86)\Microsoft SDKs\Windows Kits\10\ExtensionSDKs\Microsoft.NET.Native.Framework.1.3\1.3\x86\ret\SharedAssemblyList.txt'))."
"Message",Low,"Using ""ReadLinesFromFile"" task from assembly ""Microsoft.Build.Tasks.v4.0, Version=4.0.0.0, Culture=neutral, PublicKeyToken=b03f5f7f11d50a3a""."
"Message",Low,"Task ""ReadLinesFromFile"""
"Message",Low,"Done executing task ""ReadLinesFromFile""."
"Message",Low,"Task ""IlcErrorTask"" skipped, due to false condition; (!Exists('$(InputSharedAssemblyPath)\%(SharedLibraryContent.Identity)')) was evaluated as (!Exists('C:\Program Files (x86)\Microsoft SDKs\Windows Kits\10\ExtensionSDKs\Microsoft.NET.Native.Framework.1.3\1.3\x86\ret\SharedAssemblyILMergeInfo.csv'))."
"Message",Low,"Task ""IlcErrorTask"" skipped, due to false condition; (!Exists('$(InputSharedAssemblyPath)\%(SharedLibraryContent.Identity)')) was evaluated as (!Exists('C:\Program Files (x86)\Microsoft SDKs\Windows Kits\10\ExtensionSDKs\Microsoft.NET.Native.Framework.1.3\1.3\x86\ret\SharedLibrary.iltransformtoc.ildll'))."
"Message",Low,"Task ""IlcErrorTask"" skipped, due to false condition; (!Exists('$(InputSharedAssemblyPath)\%(SharedLibraryContent.Identity)')) was evaluated as (!Exists('C:\Program Files (x86)\Microsoft SDKs\Windows Kits\10\ExtensionSDKs\Microsoft.NET.Native.Framework.1.3\1.3\x86\ret\AnalysisILToc\System.Collections.iltoc'))."
"Message",Low,"Task ""IlcErrorTask"" skipped, due to false condition; (!Exists('$(InputSharedAssemblyPath)\%(SharedLibraryContent.Identity)')) was evaluated as (!Exists('C:\Program Files (x86)\Microsoft SDKs\Windows Kits\10\ExtensionSDKs\Microsoft.NET.Native.Framework.1.3\1.3\x86\ret\AnalysisILToc\System.Collections.Concurrent.iltoc'))."
"Message",Low,"Task ""IlcErrorTask"" skipped, due to false condition; (!Exists('$(InputSharedAssemblyPath)\%(SharedLibraryContent.Identity)')) was evaluated as (!Exists('C:\Program Files (x86)\Microsoft SDKs\Windows Kits\10\ExtensionSDKs\Microsoft.NET.Native.Framework.1.3\1.3\x86\ret\AnalysisILToc\System.Diagnostics.Tracing.iltoc'))."
"Message",Low,"Task ""IlcErrorTask"" skipped, due to false condition; (!Exists('$(InputSharedAssemblyPath)\%(SharedLibraryContent.Identity)')) was evaluated as (!Exists('C:\Program Files (x86)\Microsoft SDKs\Windows Kits\10\ExtensionSDKs\Microsoft.NET.Native.Framework.1.3\1.3\x86\ret\AnalysisILToc\System.Dynamic.Runtime.iltoc'))."
"Message",Low,"Task ""IlcErrorTask"" skipped, due to false condition; (!Exists('$(InputSharedAssemblyPath)\%(SharedLibraryContent.Identity)')) was evaluated as (!Exists('C:\Program Files (x86)\Microsoft SDKs\Windows Kits\10\ExtensionSDKs\Microsoft.NET.Native.Framework.1.3\1.3\x86\ret\AnalysisILToc\System.IO.iltoc'))."
"Message",Low,"Task ""IlcErrorTask"" skipped, due to false condition; (!Exists('$(InputSharedAssemblyPath)\%(SharedLibraryContent.Identity)')) was evaluated as (!Exists('C:\Program Files (x86)\Microsoft SDKs\Windows Kits\10\ExtensionSDKs\Microsoft.NET.Native.Framework.1.3\1.3\x86\ret\AnalysisILToc\System.Linq.iltoc'))."
"Message",Low,"Task ""IlcErrorTask"" skipped, due to false condition; (!Exists('$(InputSharedAssemblyPath)\%(SharedLibraryContent.Identity)')) was evaluated as (!Exists('C:\Program Files (x86)\Microsoft SDKs\Windows Kits\10\ExtensionSDKs\Microsoft.NET.Native.Framework.1.3\1.3\x86\ret\AnalysisILToc\System.Linq.Expressions.iltoc'))."
"Message",Low,"Task ""IlcErrorTask"" skipped, due to false condition; (!Exists('$(InputSharedAssemblyPath)\%(SharedLibraryContent.Identity)')) was evaluated as (!Exists('C:\Program Files (x86)\Microsoft SDKs\Windows Kits\10\ExtensionSDKs\Microsoft.NET.Native.Framework.1.3\1.3\x86\ret\AnalysisILToc\System.ObjectModel.iltoc'))."
"Message",Low,"Task ""IlcErrorTask"" skipped, due to false condition; (!Exists('$(InputSharedAssemblyPath)\%(SharedLibraryContent.Identity)')) was evaluated as (!Exists('C:\Program Files (x86)\Microsoft SDKs\Windows Kits\10\ExtensionSDKs\Microsoft.NET.Native.Framework.1.3\1.3\x86\ret\AnalysisILToc\System.Private.CoreLib.iltoc'))."
"Message",Low,"Task ""IlcErrorTask"" skipped, due to false condition; (!Exists('$(InputSharedAssemblyPath)\%(SharedLibraryContent.Identity)')) was evaluated as (!Exists('C:\Program Files (x86)\Microsoft SDKs\Windows Kits\10\ExtensionSDKs\Microsoft.NET.Native.Framework.1.3\1.3\x86\ret\AnalysisILToc\System.Private.Interop.iltoc'))."
"Message",Low,"Task ""IlcErrorTask"" skipped, due to false condition; (!Exists('$(InputSharedAssemblyPath)\%(SharedLibraryContent.Identity)')) was evaluated as (!Exists('C:\Program Files (x86)\Microsoft SDKs\Windows Kits\10\ExtensionSDKs\Microsoft.NET.Native.Framework.1.3\1.3\x86\ret\AnalysisILToc\System.Private.Reflection.iltoc'))."
"Message",Low,"Task ""IlcErrorTask"" skipped, due to false condition; (!Exists('$(InputSharedAssemblyPath)\%(SharedLibraryContent.Identity)')) was evaluated as (!Exists('C:\Program Files (x86)\Microsoft SDKs\Windows Kits\10\ExtensionSDKs\Microsoft.NET.Native.Framework.1.3\1.3\x86\ret\AnalysisILToc\System.Private.Reflection.Core.iltoc'))."
"Message",Low,"Task ""IlcErrorTask"" skipped, due to false condition; (!Exists('$(InputSharedAssemblyPath)\%(SharedLibraryContent.Identity)')) was evaluated as (!Exists('C:\Program Files (x86)\Microsoft SDKs\Windows Kits\10\ExtensionSDKs\Microsoft.NET.Native.Framework.1.3\1.3\x86\ret\AnalysisILToc\System.Private.Reflection.Execution.iltoc'))."
"Message",Low,"Task ""IlcErrorTask"" skipped, due to false condition; (!Exists('$(InputSharedAssemblyPath)\%(SharedLibraryContent.Identity)')) was evaluated as (!Exists('C:\Program Files (x86)\Microsoft SDKs\Windows Kits\10\ExtensionSDKs\Microsoft.NET.Native.Framework.1.3\1.3\x86\ret\AnalysisILToc\System.Private.Reflection.Metadata.iltoc'))."
"Message",Low,"Task ""IlcErrorTask"" skipped, due to false condition; (!Exists('$(InputSharedAssemblyPath)\%(SharedLibraryContent.Identity)')) was evaluated as (!Exists('C:\Program Files (x86)\Microsoft SDKs\Windows Kits\10\ExtensionSDKs\Microsoft.NET.Native.Framework.1.3\1.3\x86\ret\AnalysisILToc\System.Private.Threading.iltoc'))."
"Message",Low,"Task ""IlcErrorTask"" skipped, due to false condition; (!Exists('$(InputSharedAssemblyPath)\%(SharedLibraryContent.Identity)')) was evaluated as (!Exists('C:\Program Files (x86)\Microsoft SDKs\Windows Kits\10\ExtensionSDKs\Microsoft.NET.Native.Framework.1.3\1.3\x86\ret\AnalysisILToc\System.Private.TypeLoader.iltoc'))."
"Message",Low,"Task ""IlcErrorTask"" skipped, due to false condition; (!Exists('$(InputSharedAssemblyPath)\%(SharedLibraryContent.Identity)')) was evaluated as (!Exists('C:\Program Files (x86)\Microsoft SDKs\Windows Kits\10\ExtensionSDKs\Microsoft.NET.Native.Framework.1.3\1.3\x86\ret\AnalysisILToc\System.Private.Uri.iltoc'))."
"Message",Low,"Task ""IlcErrorTask"" skipped, due to false condition; (!Exists('$(InputSharedAssemblyPath)\%(SharedLibraryContent.Identity)')) was evaluated as (!Exists('C:\Program Files (x86)\Microsoft SDKs\Windows Kits\10\ExtensionSDKs\Microsoft.NET.Native.Framework.1.3\1.3\x86\ret\AnalysisILToc\System.Reflection.Extensions.iltoc'))."
"Message",Low,"Task ""IlcErrorTask"" skipped, due to false condition; (!Exists('$(InputSharedAssemblyPath)\%(SharedLibraryContent.Identity)')) was evaluated as (!Exists('C:\Program Files (x86)\Microsoft SDKs\Windows Kits\10\ExtensionSDKs\Microsoft.NET.Native.Framework.1.3\1.3\x86\ret\AnalysisILToc\System.Reflection.Primitives.iltoc'))."
"Message",Low,"Task ""IlcErrorTask"" skipped, due to false condition; (!Exists('$(InputSharedAssemblyPath)\%(SharedLibraryContent.Identity)')) was evaluated as (!Exists('C:\Program Files (x86)\Microsoft SDKs\Windows Kits\10\ExtensionSDKs\Microsoft.NET.Native.Framework.1.3\1.3\x86\ret\AnalysisILToc\System.Reflection.TypeExtensions.iltoc'))."
"Message",Low,"Task ""IlcErrorTask"" skipped, due to false condition; (!Exists('$(InputSharedAssemblyPath)\%(SharedLibraryContent.Identity)')) was evaluated as (!Exists('C:\Program Files (x86)\Microsoft SDKs\Windows Kits\10\ExtensionSDKs\Microsoft.NET.Native.Framework.1.3\1.3\x86\ret\AnalysisILToc\System.Resources.ResourceManager.iltoc'))."
"Message",Low,"Task ""IlcErrorTask"" skipped, due to false condition; (!Exists('$(InputSharedAssemblyPath)\%(SharedLibraryContent.Identity)')) was evaluated as (!Exists('C:\Program Files (x86)\Microsoft SDKs\Windows Kits\10\ExtensionSDKs\Microsoft.NET.Native.Framework.1.3\1.3\x86\ret\AnalysisILToc\System.Runtime.Extensions.iltoc'))."
"Message",Low,"Task ""IlcErrorTask"" skipped, due to false condition; (!Exists('$(InputSharedAssemblyPath)\%(SharedLibraryContent.Identity)')) was evaluated as (!Exists('C:\Program Files (x86)\Microsoft SDKs\Windows Kits\10\ExtensionSDKs\Microsoft.NET.Native.Framework.1.3\1.3\x86\ret\AnalysisILToc\System.Runtime.Implementation.iltoc'))."
"Message",Low,"Task ""IlcErrorTask"" skipped, due to false condition; (!Exists('$(InputSharedAssemblyPath)\%(SharedLibraryContent.Identity)')) was evaluated as (!Exists('C:\Program Files (x86)\Microsoft SDKs\Windows Kits\10\ExtensionSDKs\Microsoft.NET.Native.Framework.1.3\1.3\x86\ret\AnalysisILToc\System.Text.RegularExpressions.iltoc'))."
"Message",Low,"Task ""IlcErrorTask"" skipped, due to false condition; (!Exists('$(InputSharedAssemblyPath)\%(SharedLibraryContent.Identity)')) was evaluated as (!Exists('C:\Program Files (x86)\Microsoft SDKs\Windows Kits\10\ExtensionSDKs\Microsoft.NET.Native.Framework.1.3\1.3\x86\ret\AnalysisILToc\System.Private.SharedLibrary.Interop.Generated.iltoc'))."
"Message",Low,"Task ""IlcErrorTask"" skipped, due to false condition; (!Exists('$(InputSharedAssemblyPath)\%(SharedLibraryContent.Identity)')) was evaluated as (!Exists('C:\Program Files (x86)\Microsoft SDKs\Windows Kits\10\ExtensionSDKs\Microsoft.NET.Native.Framework.1.3\1.3\x86\ret\AnalysisILToc\System.Collections.iltocpdb'))."
"Message",Low,"Task ""IlcErrorTask"" skipped, due to false condition; (!Exists('$(InputSharedAssemblyPath)\%(SharedLibraryContent.Identity)')) was evaluated as (!Exists('C:\Program Files (x86)\Microsoft SDKs\Windows Kits\10\ExtensionSDKs\Microsoft.NET.Native.Framework.1.3\1.3\x86\ret\AnalysisILToc\System.Collections.Concurrent.iltocpdb'))."
"Message",Low,"Task ""IlcErrorTask"" skipped, due to false condition; (!Exists('$(InputSharedAssemblyPath)\%(SharedLibraryContent.Identity)')) was evaluated as (!Exists('C:\Program Files (x86)\Microsoft SDKs\Windows Kits\10\ExtensionSDKs\Microsoft.NET.Native.Framework.1.3\1.3\x86\ret\AnalysisILToc\System.Diagnostics.Tracing.iltocpdb'))."
"Message",Low,"Task ""IlcErrorTask"" skipped, due to false condition; (!Exists('$(InputSharedAssemblyPath)\%(SharedLibraryContent.Identity)')) was evaluated as (!Exists('C:\Program Files (x86)\Microsoft SDKs\Windows Kits\10\ExtensionSDKs\Microsoft.NET.Native.Framework.1.3\1.3\x86\ret\AnalysisILToc\System.Dynamic.Runtime.iltocpdb'))."
"Message",Low,"Task ""IlcErrorTask"" skipped, due to false condition; (!Exists('$(InputSharedAssemblyPath)\%(SharedLibraryContent.Identity)')) was evaluated as (!Exists('C:\Program Files (x86)\Microsoft SDKs\Windows Kits\10\ExtensionSDKs\Microsoft.NET.Native.Framework.1.3\1.3\x86\ret\AnalysisILToc\System.IO.iltocpdb'))."
"Message",Low,"Task ""IlcErrorTask"" skipped, due to false condition; (!Exists('$(InputSharedAssemblyPath)\%(SharedLibraryContent.Identity)')) was evaluated as (!Exists('C:\Program Files (x86)\Microsoft SDKs\Windows Kits\10\ExtensionSDKs\Microsoft.NET.Native.Framework.1.3\1.3\x86\ret\AnalysisILToc\System.Linq.iltocpdb'))."
"Message",Low,"Task ""IlcErrorTask"" skipped, due to false condition; (!Exists('$(InputSharedAssemblyPath)\%(SharedLibraryContent.Identity)')) was evaluated as (!Exists('C:\Program Files (x86)\Microsoft SDKs\Windows Kits\10\ExtensionSDKs\Microsoft.NET.Native.Framework.1.3\1.3\x86\ret\AnalysisILToc\System.Linq.Expressions.iltocpdb'))."
"Message",Low,"Task ""IlcErrorTask"" skipped, due to false condition; (!Exists('$(InputSharedAssemblyPath)\%(SharedLibraryContent.Identity)')) was evaluated as (!Exists('C:\Program Files (x86)\Microsoft SDKs\Windows Kits\10\ExtensionSDKs\Microsoft.NET.Native.Framework.1.3\1.3\x86\ret\AnalysisILToc\System.ObjectModel.iltocpdb'))."
"Message",Low,"Task ""IlcErrorTask"" skipped, due to false condition; (!Exists('$(InputSharedAssemblyPath)\%(SharedLibraryContent.Identity)')) was evaluated as (!Exists('C:\Program Files (x86)\Microsoft SDKs\Windows Kits\10\ExtensionSDKs\Microsoft.NET.Native.Framework.1.3\1.3\x86\ret\AnalysisILToc\System.Private.CoreLib.iltocpdb'))."
"Message",Low,"Task ""IlcErrorTask"" skipped, due to false condition; (!Exists('$(InputSharedAssemblyPath)\%(SharedLibraryContent.Identity)')) was evaluated as (!Exists('C:\Program Files (x86)\Microsoft SDKs\Windows Kits\10\ExtensionSDKs\Microsoft.NET.Native.Framework.1.3\1.3\x86\ret\AnalysisILToc\System.Private.Interop.iltocpdb'))."
"Message",Low,"Task ""IlcErrorTask"" skipped, due to false condition; (!Exists('$(InputSharedAssemblyPath)\%(SharedLibraryContent.Identity)')) was evaluated as (!Exists('C:\Program Files (x86)\Microsoft SDKs\Windows Kits\10\ExtensionSDKs\Microsoft.NET.Native.Framework.1.3\1.3\x86\ret\AnalysisILToc\System.Private.Reflection.iltocpdb'))."
"Message",Low,"Task ""IlcErrorTask"" skipped, due to false condition; (!Exists('$(InputSharedAssemblyPath)\%(SharedLibraryContent.Identity)')) was evaluated as (!Exists('C:\Program Files (x86)\Microsoft SDKs\Windows Kits\10\ExtensionSDKs\Microsoft.NET.Native.Framework.1.3\1.3\x86\ret\AnalysisILToc\System.Private.Reflection.Core.iltocpdb'))."
"Message",Low,"Task ""IlcErrorTask"" skipped, due to false condition; (!Exists('$(InputSharedAssemblyPath)\%(SharedLibraryContent.Identity)')) was evaluated as (!Exists('C:\Program Files (x86)\Microsoft SDKs\Windows Kits\10\ExtensionSDKs\Microsoft.NET.Native.Framework.1.3\1.3\x86\ret\AnalysisILToc\System.Private.Reflection.Execution.iltocpdb'))."
"Message",Low,"Task ""IlcErrorTask"" skipped, due to false condition; (!Exists('$(InputSharedAssemblyPath)\%(SharedLibraryContent.Identity)')) was evaluated as (!Exists('C:\Program Files (x86)\Microsoft SDKs\Windows Kits\10\ExtensionSDKs\Microsoft.NET.Native.Framework.1.3\1.3\x86\ret\AnalysisILToc\System.Private.Reflection.Metadata.iltocpdb'))."
"Message",Low,"Task ""IlcErrorTask"" skipped, due to false condition; (!Exists('$(InputSharedAssemblyPath)\%(SharedLibraryContent.Identity)')) was evaluated as (!Exists('C:\Program Files (x86)\Microsoft SDKs\Windows Kits\10\ExtensionSDKs\Microsoft.NET.Native.Framework.1.3\1.3\x86\ret\AnalysisILToc\System.Private.Threading.iltocpdb'))."
"Message",Low,"Task ""IlcErrorTask"" skipped, due to false condition; (!Exists('$(InputSharedAssemblyPath)\%(SharedLibraryContent.Identity)')) was evaluated as (!Exists('C:\Program Files (x86)\Microsoft SDKs\Windows Kits\10\ExtensionSDKs\Microsoft.NET.Native.Framework.1.3\1.3\x86\ret\AnalysisILToc\System.Private.TypeLoader.iltocpdb'))."
"Message",Low,"Task ""IlcErrorTask"" skipped, due to false condition; (!Exists('$(InputSharedAssemblyPath)\%(SharedLibraryContent.Identity)')) was evaluated as (!Exists('C:\Program Files (x86)\Microsoft SDKs\Windows Kits\10\ExtensionSDKs\Microsoft.NET.Native.Framework.1.3\1.3\x86\ret\AnalysisILToc\System.Private.Uri.iltocpdb'))."
"Message",Low,"Task ""IlcErrorTask"" skipped, due to false condition; (!Exists('$(InputSharedAssemblyPath)\%(SharedLibraryContent.Identity)')) was evaluated as (!Exists('C:\Program Files (x86)\Microsoft SDKs\Windows Kits\10\ExtensionSDKs\Microsoft.NET.Native.Framework.1.3\1.3\x86\ret\AnalysisILToc\System.Reflection.Extensions.iltocpdb'))."
"Message",Low,"Task ""IlcErrorTask"" skipped, due to false condition; (!Exists('$(InputSharedAssemblyPath)\%(SharedLibraryContent.Identity)')) was evaluated as (!Exists('C:\Program Files (x86)\Microsoft SDKs\Windows Kits\10\ExtensionSDKs\Microsoft.NET.Native.Framework.1.3\1.3\x86\ret\AnalysisILToc\System.Reflection.Primitives.iltocpdb'))."
"Message",Low,"Task ""IlcErrorTask"" skipped, due to false condition; (!Exists('$(InputSharedAssemblyPath)\%(SharedLibraryContent.Identity)')) was evaluated as (!Exists('C:\Program Files (x86)\Microsoft SDKs\Windows Kits\10\ExtensionSDKs\Microsoft.NET.Native.Framework.1.3\1.3\x86\ret\AnalysisILToc\System.Reflection.TypeExtensions.iltocpdb'))."
"Message",Low,"Task ""IlcErrorTask"" skipped, due to false condition; (!Exists('$(InputSharedAssemblyPath)\%(SharedLibraryContent.Identity)')) was evaluated as (!Exists('C:\Program Files (x86)\Microsoft SDKs\Windows Kits\10\ExtensionSDKs\Microsoft.NET.Native.Framework.1.3\1.3\x86\ret\AnalysisILToc\System.Resources.ResourceManager.iltocpdb'))."
"Message",Low,"Task ""IlcErrorTask"" skipped, due to false condition; (!Exists('$(InputSharedAssemblyPath)\%(SharedLibraryContent.Identity)')) was evaluated as (!Exists('C:\Program Files (x86)\Microsoft SDKs\Windows Kits\10\ExtensionSDKs\Microsoft.NET.Native.Framework.1.3\1.3\x86\ret\AnalysisILToc\System.Runtime.Extensions.iltocpdb'))."
"Message",Low,"Task ""IlcErrorTask"" skipped, due to false condition; (!Exists('$(InputSharedAssemblyPath)\%(SharedLibraryContent.Identity)')) was evaluated as (!Exists('C:\Program Files (x86)\Microsoft SDKs\Windows Kits\10\ExtensionSDKs\Microsoft.NET.Native.Framework.1.3\1.3\x86\ret\AnalysisILToc\System.Runtime.Implementation.iltocpdb'))."
"Message",Low,"Task ""IlcErrorTask"" skipped, due to false condition; (!Exists('$(InputSharedAssemblyPath)\%(SharedLibraryContent.Identity)')) was evaluated as (!Exists('C:\Program Files (x86)\Microsoft SDKs\Windows Kits\10\ExtensionSDKs\Microsoft.NET.Native.Framework.1.3\1.3\x86\ret\AnalysisILToc\System.Text.RegularExpressions.iltocpdb'))."
"Message",Low,"Task ""IlcErrorTask"" skipped, due to false condition; (!Exists('$(InputSharedAssemblyPath)\%(SharedLibraryContent.Identity)')) was evaluated as (!Exists('C:\Program Files (x86)\Microsoft SDKs\Windows Kits\10\ExtensionSDKs\Microsoft.NET.Native.Framework.1.3\1.3\x86\ret\AnalysisILToc\System.Private.SharedLibrary.Interop.Generated.iltocpdb'))."
"Message",Low,"Task ""IlcErrorTask"" skipped, due to false condition; (!Exists('$(InputSharedAssemblyPath)\%(SharedLibraryContent.Identity)')) was evaluated as (!Exists('C:\Program Files (x86)\Microsoft SDKs\Windows Kits\10\ExtensionSDKs\Microsoft.NET.Native.Framework.1.3\1.3\x86\ret\ILToc\System.Collections.iltoc'))."
"Message",Low,"Task ""IlcErrorTask"" skipped, due to false condition; (!Exists('$(InputSharedAssemblyPath)\%(SharedLibraryContent.Identity)')) was evaluated as (!Exists('C:\Program Files (x86)\Microsoft SDKs\Windows Kits\10\ExtensionSDKs\Microsoft.NET.Native.Framework.1.3\1.3\x86\ret\ILToc\System.Collections.Concurrent.iltoc'))."
"Message",Low,"Task ""IlcErrorTask"" skipped, due to false condition; (!Exists('$(InputSharedAssemblyPath)\%(SharedLibraryContent.Identity)')) was evaluated as (!Exists('C:\Program Files (x86)\Microsoft SDKs\Windows Kits\10\ExtensionSDKs\Microsoft.NET.Native.Framework.1.3\1.3\x86\ret\ILToc\System.Diagnostics.Tracing.iltoc'))."
"Message",Low,"Task ""IlcErrorTask"" skipped, due to false condition; (!Exists('$(InputSharedAssemblyPath)\%(SharedLibraryContent.Identity)')) was evaluated as (!Exists('C:\Program Files (x86)\Microsoft SDKs\Windows Kits\10\ExtensionSDKs\Microsoft.NET.Native.Framework.1.3\1.3\x86\ret\ILToc\System.Dynamic.Runtime.iltoc'))."
"Message",Low,"Task ""IlcErrorTask"" skipped, due to false condition; (!Exists('$(InputSharedAssemblyPath)\%(SharedLibraryContent.Identity)')) was evaluated as (!Exists('C:\Program Files (x86)\Microsoft SDKs\Windows Kits\10\ExtensionSDKs\Microsoft.NET.Native.Framework.1.3\1.3\x86\ret\ILToc\System.IO.iltoc'))."
"Message",Low,"Task ""IlcErrorTask"" skipped, due to false condition; (!Exists('$(InputSharedAssemblyPath)\%(SharedLibraryContent.Identity)')) was evaluated as (!Exists('C:\Program Files (x86)\Microsoft SDKs\Windows Kits\10\ExtensionSDKs\Microsoft.NET.Native.Framework.1.3\1.3\x86\ret\ILToc\System.Linq.iltoc'))."
"Message",Low,"Task ""IlcErrorTask"" skipped, due to false condition; (!Exists('$(InputSharedAssemblyPath)\%(SharedLibraryContent.Identity)')) was evaluated as (!Exists('C:\Program Files (x86)\Microsoft SDKs\Windows Kits\10\ExtensionSDKs\Microsoft.NET.Native.Framework.1.3\1.3\x86\ret\ILToc\System.Linq.Expressions.iltoc'))."
"Message",Low,"Task ""IlcErrorTask"" skipped, due to false condition; (!Exists('$(InputSharedAssemblyPath)\%(SharedLibraryContent.Identity)')) was evaluated as (!Exists('C:\Program Files (x86)\Microsoft SDKs\Windows Kits\10\ExtensionSDKs\Microsoft.NET.Native.Framework.1.3\1.3\x86\ret\ILToc\System.ObjectModel.iltoc'))."
"Message",Low,"Task ""IlcErrorTask"" skipped, due to false condition; (!Exists('$(InputSharedAssemblyPath)\%(SharedLibraryContent.Identity)')) was evaluated as (!Exists('C:\Program Files (x86)\Microsoft SDKs\Windows Kits\10\ExtensionSDKs\Microsoft.NET.Native.Framework.1.3\1.3\x86\ret\ILToc\System.Private.CoreLib.iltoc'))."
"Message",Low,"Task ""IlcErrorTask"" skipped, due to false condition; (!Exists('$(InputSharedAssemblyPath)\%(SharedLibraryContent.Identity)')) was evaluated as (!Exists('C:\Program Files (x86)\Microsoft SDKs\Windows Kits\10\ExtensionSDKs\Microsoft.NET.Native.Framework.1.3\1.3\x86\ret\ILToc\System.Private.Interop.iltoc'))."
"Message",Low,"Task ""IlcErrorTask"" skipped, due to false condition; (!Exists('$(InputSharedAssemblyPath)\%(SharedLibraryContent.Identity)')) was evaluated as (!Exists('C:\Program Files (x86)\Microsoft SDKs\Windows Kits\10\ExtensionSDKs\Microsoft.NET.Native.Framework.1.3\1.3\x86\ret\ILToc\System.Private.Reflection.iltoc'))."
"Message",Low,"Task ""IlcErrorTask"" skipped, due to false condition; (!Exists('$(InputSharedAssemblyPath)\%(SharedLibraryContent.Identity)')) was evaluated as (!Exists('C:\Program Files (x86)\Microsoft SDKs\Windows Kits\10\ExtensionSDKs\Microsoft.NET.Native.Framework.1.3\1.3\x86\ret\ILToc\System.Private.Reflection.Core.iltoc'))."
"Message",Low,"Task ""IlcErrorTask"" skipped, due to false condition; (!Exists('$(InputSharedAssemblyPath)\%(SharedLibraryContent.Identity)')) was evaluated as (!Exists('C:\Program Files (x86)\Microsoft SDKs\Windows Kits\10\ExtensionSDKs\Microsoft.NET.Native.Framework.1.3\1.3\x86\ret\ILToc\System.Private.Reflection.Execution.iltoc'))."
"Message",Low,"Task ""IlcErrorTask"" skipped, due to false condition; (!Exists('$(InputSharedAssemblyPath)\%(SharedLibraryContent.Identity)')) was evaluated as (!Exists('C:\Program Files (x86)\Microsoft SDKs\Windows Kits\10\ExtensionSDKs\Microsoft.NET.Native.Framework.1.3\1.3\x86\ret\ILToc\System.Private.Reflection.Metadata.iltoc'))."
"Message",Low,"Task ""IlcErrorTask"" skipped, due to false condition; (!Exists('$(InputSharedAssemblyPath)\%(SharedLibraryContent.Identity)')) was evaluated as (!Exists('C:\Program Files (x86)\Microsoft SDKs\Windows Kits\10\ExtensionSDKs\Microsoft.NET.Native.Framework.1.3\1.3\x86\ret\ILToc\System.Private.Threading.iltoc'))."
"Message",Low,"Task ""IlcErrorTask"" skipped, due to false condition; (!Exists('$(InputSharedAssemblyPath)\%(SharedLibraryContent.Identity)')) was evaluated as (!Exists('C:\Program Files (x86)\Microsoft SDKs\Windows Kits\10\ExtensionSDKs\Microsoft.NET.Native.Framework.1.3\1.3\x86\ret\ILToc\System.Private.TypeLoader.iltoc'))."
"Message",Low,"Task ""IlcErrorTask"" skipped, due to false condition; (!Exists('$(InputSharedAssemblyPath)\%(SharedLibraryContent.Identity)')) was evaluated as (!Exists('C:\Program Files (x86)\Microsoft SDKs\Windows Kits\10\ExtensionSDKs\Microsoft.NET.Native.Framework.1.3\1.3\x86\ret\ILToc\System.Private.Uri.iltoc'))."
"Message",Low,"Task ""IlcErrorTask"" skipped, due to false condition; (!Exists('$(InputSharedAssemblyPath)\%(SharedLibraryContent.Identity)')) was evaluated as (!Exists('C:\Program Files (x86)\Microsoft SDKs\Windows Kits\10\ExtensionSDKs\Microsoft.NET.Native.Framework.1.3\1.3\x86\ret\ILToc\System.Reflection.Extensions.iltoc'))."
"Message",Low,"Task ""IlcErrorTask"" skipped, due to false condition; (!Exists('$(InputSharedAssemblyPath)\%(SharedLibraryContent.Identity)')) was evaluated as (!Exists('C:\Program Files (x86)\Microsoft SDKs\Windows Kits\10\ExtensionSDKs\Microsoft.NET.Native.Framework.1.3\1.3\x86\ret\ILToc\System.Reflection.Primitives.iltoc'))."
"Message",Low,"Task ""IlcErrorTask"" skipped, due to false condition; (!Exists('$(InputSharedAssemblyPath)\%(SharedLibraryContent.Identity)')) was evaluated as (!Exists('C:\Program Files (x86)\Microsoft SDKs\Windows Kits\10\ExtensionSDKs\Microsoft.NET.Native.Framework.1.3\1.3\x86\ret\ILToc\System.Reflection.TypeExtensions.iltoc'))."
"Message",Low,"Task ""IlcErrorTask"" skipped, due to false condition; (!Exists('$(InputSharedAssemblyPath)\%(SharedLibraryContent.Identity)')) was evaluated as (!Exists('C:\Program Files (x86)\Microsoft SDKs\Windows Kits\10\ExtensionSDKs\Microsoft.NET.Native.Framework.1.3\1.3\x86\ret\ILToc\System.Resources.ResourceManager.iltoc'))."
"Message",Low,"Task ""IlcErrorTask"" skipped, due to false condition; (!Exists('$(InputSharedAssemblyPath)\%(SharedLibraryContent.Identity)')) was evaluated as (!Exists('C:\Program Files (x86)\Microsoft SDKs\Windows Kits\10\ExtensionSDKs\Microsoft.NET.Native.Framework.1.3\1.3\x86\ret\ILToc\System.Runtime.Extensions.iltoc'))."
"Message",Low,"Task ""IlcErrorTask"" skipped, due to false condition; (!Exists('$(InputSharedAssemblyPath)\%(SharedLibraryContent.Identity)')) was evaluated as (!Exists('C:\Program Files (x86)\Microsoft SDKs\Windows Kits\10\ExtensionSDKs\Microsoft.NET.Native.Framework.1.3\1.3\x86\ret\ILToc\System.Runtime.Implementation.iltoc'))."
"Message",Low,"Task ""IlcErrorTask"" skipped, due to false condition; (!Exists('$(InputSharedAssemblyPath)\%(SharedLibraryContent.Identity)')) was evaluated as (!Exists('C:\Program Files (x86)\Microsoft SDKs\Windows Kits\10\ExtensionSDKs\Microsoft.NET.Native.Framework.1.3\1.3\x86\ret\ILToc\System.Text.RegularExpressions.iltoc'))."
"Message",Low,"Task ""IlcErrorTask"" skipped, due to false condition; (!Exists('$(InputSharedAssemblyPath)\%(SharedLibraryContent.Identity)')) was evaluated as (!Exists('C:\Program Files (x86)\Microsoft SDKs\Windows Kits\10\ExtensionSDKs\Microsoft.NET.Native.Framework.1.3\1.3\x86\ret\ILToc\System.Private.SharedLibrary.Interop.Generated.iltoc'))."
"Message",Low,"Task ""IlcErrorTask"" skipped, due to false condition; (!Exists('$(InputSharedAssemblyPath)\%(SharedLibraryContent.Identity)')) was evaluated as (!Exists('C:\Program Files (x86)\Microsoft SDKs\Windows Kits\10\ExtensionSDKs\Microsoft.NET.Native.Framework.1.3\1.3\x86\ret\ILToc\System.Collections.iltocpdb'))."
"Message",Low,"Task ""IlcErrorTask"" skipped, due to false condition; (!Exists('$(InputSharedAssemblyPath)\%(SharedLibraryContent.Identity)')) was evaluated as (!Exists('C:\Program Files (x86)\Microsoft SDKs\Windows Kits\10\ExtensionSDKs\Microsoft.NET.Native.Framework.1.3\1.3\x86\ret\ILToc\System.Collections.Concurrent.iltocpdb'))."
"Message",Low,"Task ""IlcErrorTask"" skipped, due to false condition; (!Exists('$(InputSharedAssemblyPath)\%(SharedLibraryContent.Identity)')) was evaluated as (!Exists('C:\Program Files (x86)\Microsoft SDKs\Windows Kits\10\ExtensionSDKs\Microsoft.NET.Native.Framework.1.3\1.3\x86\ret\ILToc\System.Diagnostics.Tracing.iltocpdb'))."
"Message",Low,"Task ""IlcErrorTask"" skipped, due to false condition; (!Exists('$(InputSharedAssemblyPath)\%(SharedLibraryContent.Identity)')) was evaluated as (!Exists('C:\Program Files (x86)\Microsoft SDKs\Windows Kits\10\ExtensionSDKs\Microsoft.NET.Native.Framework.1.3\1.3\x86\ret\ILToc\System.Dynamic.Runtime.iltocpdb'))."
"Message",Low,"Task ""IlcErrorTask"" skipped, due to false condition; (!Exists('$(InputSharedAssemblyPath)\%(SharedLibraryContent.Identity)')) was evaluated as (!Exists('C:\Program Files (x86)\Microsoft SDKs\Windows Kits\10\ExtensionSDKs\Microsoft.NET.Native.Framework.1.3\1.3\x86\ret\ILToc\System.IO.iltocpdb'))."
"Message",Low,"Task ""IlcErrorTask"" skipped, due to false condition; (!Exists('$(InputSharedAssemblyPath)\%(SharedLibraryContent.Identity)')) was evaluated as (!Exists('C:\Program Files (x86)\Microsoft SDKs\Windows Kits\10\ExtensionSDKs\Microsoft.NET.Native.Framework.1.3\1.3\x86\ret\ILToc\System.Linq.iltocpdb'))."
"Message",Low,"Task ""IlcErrorTask"" skipped, due to false condition; (!Exists('$(InputSharedAssemblyPath)\%(SharedLibraryContent.Identity)')) was evaluated as (!Exists('C:\Program Files (x86)\Microsoft SDKs\Windows Kits\10\ExtensionSDKs\Microsoft.NET.Native.Framework.1.3\1.3\x86\ret\ILToc\System.Linq.Expressions.iltocpdb'))."
"Message",Low,"Task ""IlcErrorTask"" skipped, due to false condition; (!Exists('$(InputSharedAssemblyPath)\%(SharedLibraryContent.Identity)')) was evaluated as (!Exists('C:\Program Files (x86)\Microsoft SDKs\Windows Kits\10\ExtensionSDKs\Microsoft.NET.Native.Framework.1.3\1.3\x86\ret\ILToc\System.ObjectModel.iltocpdb'))."
"Message",Low,"Task ""IlcErrorTask"" skipped, due to false condition; (!Exists('$(InputSharedAssemblyPath)\%(SharedLibraryContent.Identity)')) was evaluated as (!Exists('C:\Program Files (x86)\Microsoft SDKs\Windows Kits\10\ExtensionSDKs\Microsoft.NET.Native.Framework.1.3\1.3\x86\ret\ILToc\System.Private.CoreLib.iltocpdb'))."
"Message",Low,"Task ""IlcErrorTask"" skipped, due to false condition; (!Exists('$(InputSharedAssemblyPath)\%(SharedLibraryContent.Identity)')) was evaluated as (!Exists('C:\Program Files (x86)\Microsoft SDKs\Windows Kits\10\ExtensionSDKs\Microsoft.NET.Native.Framework.1.3\1.3\x86\ret\ILToc\System.Private.Interop.iltocpdb'))."
"Message",Low,"Task ""IlcErrorTask"" skipped, due to false condition; (!Exists('$(InputSharedAssemblyPath)\%(SharedLibraryContent.Identity)')) was evaluated as (!Exists('C:\Program Files (x86)\Microsoft SDKs\Windows Kits\10\ExtensionSDKs\Microsoft.NET.Native.Framework.1.3\1.3\x86\ret\ILToc\System.Private.Reflection.iltocpdb'))."
"Message",Low,"Task ""IlcErrorTask"" skipped, due to false condition; (!Exists('$(InputSharedAssemblyPath)\%(SharedLibraryContent.Identity)')) was evaluated as (!Exists('C:\Program Files (x86)\Microsoft SDKs\Windows Kits\10\ExtensionSDKs\Microsoft.NET.Native.Framework.1.3\1.3\x86\ret\ILToc\System.Private.Reflection.Core.iltocpdb'))."
"Message",Low,"Task ""IlcErrorTask"" skipped, due to false condition; (!Exists('$(InputSharedAssemblyPath)\%(SharedLibraryContent.Identity)')) was evaluated as (!Exists('C:\Program Files (x86)\Microsoft SDKs\Windows Kits\10\ExtensionSDKs\Microsoft.NET.Native.Framework.1.3\1.3\x86\ret\ILToc\System.Private.Reflection.Execution.iltocpdb'))."
"Message",Low,"Task ""IlcErrorTask"" skipped, due to false condition; (!Exists('$(InputSharedAssemblyPath)\%(SharedLibraryContent.Identity)')) was evaluated as (!Exists('C:\Program Files (x86)\Microsoft SDKs\Windows Kits\10\ExtensionSDKs\Microsoft.NET.Native.Framework.1.3\1.3\x86\ret\ILToc\System.Private.Reflection.Metadata.iltocpdb'))."
"Message",Low,"Task ""IlcErrorTask"" skipped, due to false condition; (!Exists('$(InputSharedAssemblyPath)\%(SharedLibraryContent.Identity)')) was evaluated as (!Exists('C:\Program Files (x86)\Microsoft SDKs\Windows Kits\10\ExtensionSDKs\Microsoft.NET.Native.Framework.1.3\1.3\x86\ret\ILToc\System.Private.Threading.iltocpdb'))."
"Message",Low,"Task ""IlcErrorTask"" skipped, due to false condition; (!Exists('$(InputSharedAssemblyPath)\%(SharedLibraryContent.Identity)')) was evaluated as (!Exists('C:\Program Files (x86)\Microsoft SDKs\Windows Kits\10\ExtensionSDKs\Microsoft.NET.Native.Framework.1.3\1.3\x86\ret\ILToc\System.Private.TypeLoader.iltocpdb'))."
"Message",Low,"Task ""IlcErrorTask"" skipped, due to false condition; (!Exists('$(InputSharedAssemblyPath)\%(SharedLibraryContent.Identity)')) was evaluated as (!Exists('C:\Program Files (x86)\Microsoft SDKs\Windows Kits\10\ExtensionSDKs\Microsoft.NET.Native.Framework.1.3\1.3\x86\ret\ILToc\System.Private.Uri.iltocpdb'))."
"Message",Low,"Task ""IlcErrorTask"" skipped, due to false condition; (!Exists('$(InputSharedAssemblyPath)\%(SharedLibraryContent.Identity)')) was evaluated as (!Exists('C:\Program Files (x86)\Microsoft SDKs\Windows Kits\10\ExtensionSDKs\Microsoft.NET.Native.Framework.1.3\1.3\x86\ret\ILToc\System.Reflection.Extensions.iltocpdb'))."
"Message",Low,"Task ""IlcErrorTask"" skipped, due to false condition; (!Exists('$(InputSharedAssemblyPath)\%(SharedLibraryContent.Identity)')) was evaluated as (!Exists('C:\Program Files (x86)\Microsoft SDKs\Windows Kits\10\ExtensionSDKs\Microsoft.NET.Native.Framework.1.3\1.3\x86\ret\ILToc\System.Reflection.Primitives.iltocpdb'))."
"Message",Low,"Task ""IlcErrorTask"" skipped, due to false condition; (!Exists('$(InputSharedAssemblyPath)\%(SharedLibraryContent.Identity)')) was evaluated as (!Exists('C:\Program Files (x86)\Microsoft SDKs\Windows Kits\10\ExtensionSDKs\Microsoft.NET.Native.Framework.1.3\1.3\x86\ret\ILToc\System.Reflection.TypeExtensions.iltocpdb'))."
"Message",Low,"Task ""IlcErrorTask"" skipped, due to false condition; (!Exists('$(InputSharedAssemblyPath)\%(SharedLibraryContent.Identity)')) was evaluated as (!Exists('C:\Program Files (x86)\Microsoft SDKs\Windows Kits\10\ExtensionSDKs\Microsoft.NET.Native.Framework.1.3\1.3\x86\ret\ILToc\System.Resources.ResourceManager.iltocpdb'))."
"Message",Low,"Task ""IlcErrorTask"" skipped, due to false condition; (!Exists('$(InputSharedAssemblyPath)\%(SharedLibraryContent.Identity)')) was evaluated as (!Exists('C:\Program Files (x86)\Microsoft SDKs\Windows Kits\10\ExtensionSDKs\Microsoft.NET.Native.Framework.1.3\1.3\x86\ret\ILToc\System.Runtime.Extensions.iltocpdb'))."
"Message",Low,"Task ""IlcErrorTask"" skipped, due to false condition; (!Exists('$(InputSharedAssemblyPath)\%(SharedLibraryContent.Identity)')) was evaluated as (!Exists('C:\Program Files (x86)\Microsoft SDKs\Windows Kits\10\ExtensionSDKs\Microsoft.NET.Native.Framework.1.3\1.3\x86\ret\ILToc\System.Runtime.Implementation.iltocpdb'))."
"Message",Low,"Task ""IlcErrorTask"" skipped, due to false condition; (!Exists('$(InputSharedAssemblyPath)\%(SharedLibraryContent.Identity)')) was evaluated as (!Exists('C:\Program Files (x86)\Microsoft SDKs\Windows Kits\10\ExtensionSDKs\Microsoft.NET.Native.Framework.1.3\1.3\x86\ret\ILToc\System.Text.RegularExpressions.iltocpdb'))."
"Message",Low,"Task ""IlcErrorTask"" skipped, due to false condition; (!Exists('$(InputSharedAssemblyPath)\%(SharedLibraryContent.Identity)')) was evaluated as (!Exists('C:\Program Files (x86)\Microsoft SDKs\Windows Kits\10\ExtensionSDKs\Microsoft.NET.Native.Framework.1.3\1.3\x86\ret\ILToc\System.Private.SharedLibrary.Interop.Generated.iltocpdb'))."
"Message",Low,"Task ""IlcErrorTask"" skipped, due to false condition; (!Exists('$(InputSharedAssemblyPath)\%(SharedLibraryContent.Identity)')) was evaluated as (!Exists('C:\Program Files (x86)\Microsoft SDKs\Windows Kits\10\ExtensionSDKs\Microsoft.NET.Native.Framework.1.3\1.3\x86\ret\ILTransformed\System.Collections.ildll'))."
"Message",Low,"Task ""IlcErrorTask"" skipped, due to false condition; (!Exists('$(InputSharedAssemblyPath)\%(SharedLibraryContent.Identity)')) was evaluated as (!Exists('C:\Program Files (x86)\Microsoft SDKs\Windows Kits\10\ExtensionSDKs\Microsoft.NET.Native.Framework.1.3\1.3\x86\ret\ILTransformed\System.Collections.Concurrent.ildll'))."
"Message",Low,"Task ""IlcErrorTask"" skipped, due to false condition; (!Exists('$(InputSharedAssemblyPath)\%(SharedLibraryContent.Identity)')) was evaluated as (!Exists('C:\Program Files (x86)\Microsoft SDKs\Windows Kits\10\ExtensionSDKs\Microsoft.NET.Native.Framework.1.3\1.3\x86\ret\ILTransformed\System.Diagnostics.Tracing.ildll'))."
"Message",Low,"Task ""IlcErrorTask"" skipped, due to false condition; (!Exists('$(InputSharedAssemblyPath)\%(SharedLibraryContent.Identity)')) was evaluated as (!Exists('C:\Program Files (x86)\Microsoft SDKs\Windows Kits\10\ExtensionSDKs\Microsoft.NET.Native.Framework.1.3\1.3\x86\ret\ILTransformed\System.Dynamic.Runtime.ildll'))."
"Message",Low,"Task ""IlcErrorTask"" skipped, due to false condition; (!Exists('$(InputSharedAssemblyPath)\%(SharedLibraryContent.Identity)')) was evaluated as (!Exists('C:\Program Files (x86)\Microsoft SDKs\Windows Kits\10\ExtensionSDKs\Microsoft.NET.Native.Framework.1.3\1.3\x86\ret\ILTransformed\System.IO.ildll'))."
"Message",Low,"Task ""IlcErrorTask"" skipped, due to false condition; (!Exists('$(InputSharedAssemblyPath)\%(SharedLibraryContent.Identity)')) was evaluated as (!Exists('C:\Program Files (x86)\Microsoft SDKs\Windows Kits\10\ExtensionSDKs\Microsoft.NET.Native.Framework.1.3\1.3\x86\ret\ILTransformed\System.Linq.ildll'))."
"Message",Low,"Task ""IlcErrorTask"" skipped, due to false condition; (!Exists('$(InputSharedAssemblyPath)\%(SharedLibraryContent.Identity)')) was evaluated as (!Exists('C:\Program Files (x86)\Microsoft SDKs\Windows Kits\10\ExtensionSDKs\Microsoft.NET.Native.Framework.1.3\1.3\x86\ret\ILTransformed\System.Linq.Expressions.ildll'))."
"Message",Low,"Task ""IlcErrorTask"" skipped, due to false condition; (!Exists('$(InputSharedAssemblyPath)\%(SharedLibraryContent.Identity)')) was evaluated as (!Exists('C:\Program Files (x86)\Microsoft SDKs\Windows Kits\10\ExtensionSDKs\Microsoft.NET.Native.Framework.1.3\1.3\x86\ret\ILTransformed\System.ObjectModel.ildll'))."
"Message",Low,"Task ""IlcErrorTask"" skipped, due to false condition; (!Exists('$(InputSharedAssemblyPath)\%(SharedLibraryContent.Identity)')) was evaluated as (!Exists('C:\Program Files (x86)\Microsoft SDKs\Windows Kits\10\ExtensionSDKs\Microsoft.NET.Native.Framework.1.3\1.3\x86\ret\ILTransformed\System.Private.CoreLib.ildll'))."
"Message",Low,"Task ""IlcErrorTask"" skipped, due to false condition; (!Exists('$(InputSharedAssemblyPath)\%(SharedLibraryContent.Identity)')) was evaluated as (!Exists('C:\Program Files (x86)\Microsoft SDKs\Windows Kits\10\ExtensionSDKs\Microsoft.NET.Native.Framework.1.3\1.3\x86\ret\ILTransformed\System.Private.Interop.ildll'))."
"Message",Low,"Task ""IlcErrorTask"" skipped, due to false condition; (!Exists('$(InputSharedAssemblyPath)\%(SharedLibraryContent.Identity)')) was evaluated as (!Exists('C:\Program Files (x86)\Microsoft SDKs\Windows Kits\10\ExtensionSDKs\Microsoft.NET.Native.Framework.1.3\1.3\x86\ret\ILTransformed\System.Private.Reflection.ildll'))."
"Message",Low,"Task ""IlcErrorTask"" skipped, due to false condition; (!Exists('$(InputSharedAssemblyPath)\%(SharedLibraryContent.Identity)')) was evaluated as (!Exists('C:\Program Files (x86)\Microsoft SDKs\Windows Kits\10\ExtensionSDKs\Microsoft.NET.Native.Framework.1.3\1.3\x86\ret\ILTransformed\System.Private.Reflection.Core.ildll'))."
"Message",Low,"Task ""IlcErrorTask"" skipped, due to false condition; (!Exists('$(InputSharedAssemblyPath)\%(SharedLibraryContent.Identity)')) was evaluated as (!Exists('C:\Program Files (x86)\Microsoft SDKs\Windows Kits\10\ExtensionSDKs\Microsoft.NET.Native.Framework.1.3\1.3\x86\ret\ILTransformed\System.Private.Reflection.Execution.ildll'))."
"Message",Low,"Task ""IlcErrorTask"" skipped, due to false condition; (!Exists('$(InputSharedAssemblyPath)\%(SharedLibraryContent.Identity)')) was evaluated as (!Exists('C:\Program Files (x86)\Microsoft SDKs\Windows Kits\10\ExtensionSDKs\Microsoft.NET.Native.Framework.1.3\1.3\x86\ret\ILTransformed\System.Private.Reflection.Metadata.ildll'))."
"Message",Low,"Task ""IlcErrorTask"" skipped, due to false condition; (!Exists('$(InputSharedAssemblyPath)\%(SharedLibraryContent.Identity)')) was evaluated as (!Exists('C:\Program Files (x86)\Microsoft SDKs\Windows Kits\10\ExtensionSDKs\Microsoft.NET.Native.Framework.1.3\1.3\x86\ret\ILTransformed\System.Private.Threading.ildll'))."
"Message",Low,"Task ""IlcErrorTask"" skipped, due to false condition; (!Exists('$(InputSharedAssemblyPath)\%(SharedLibraryContent.Identity)')) was evaluated as (!Exists('C:\Program Files (x86)\Microsoft SDKs\Windows Kits\10\ExtensionSDKs\Microsoft.NET.Native.Framework.1.3\1.3\x86\ret\ILTransformed\System.Private.TypeLoader.ildll'))."
"Message",Low,"Task ""IlcErrorTask"" skipped, due to false condition; (!Exists('$(InputSharedAssemblyPath)\%(SharedLibraryContent.Identity)')) was evaluated as (!Exists('C:\Program Files (x86)\Microsoft SDKs\Windows Kits\10\ExtensionSDKs\Microsoft.NET.Native.Framework.1.3\1.3\x86\ret\ILTransformed\System.Private.Uri.ildll'))."
"Message",Low,"Task ""IlcErrorTask"" skipped, due to false condition; (!Exists('$(InputSharedAssemblyPath)\%(SharedLibraryContent.Identity)')) was evaluated as (!Exists('C:\Program Files (x86)\Microsoft SDKs\Windows Kits\10\ExtensionSDKs\Microsoft.NET.Native.Framework.1.3\1.3\x86\ret\ILTransformed\System.Reflection.Extensions.ildll'))."
"Message",Low,"Task ""IlcErrorTask"" skipped, due to false condition; (!Exists('$(InputSharedAssemblyPath)\%(SharedLibraryContent.Identity)')) was evaluated as (!Exists('C:\Program Files (x86)\Microsoft SDKs\Windows Kits\10\ExtensionSDKs\Microsoft.NET.Native.Framework.1.3\1.3\x86\ret\ILTransformed\System.Reflection.Primitives.ildll'))."
"Message",Low,"Task ""IlcErrorTask"" skipped, due to false condition; (!Exists('$(InputSharedAssemblyPath)\%(SharedLibraryContent.Identity)')) was evaluated as (!Exists('C:\Program Files (x86)\Microsoft SDKs\Windows Kits\10\ExtensionSDKs\Microsoft.NET.Native.Framework.1.3\1.3\x86\ret\ILTransformed\System.Reflection.TypeExtensions.ildll'))."
"Message",Low,"Task ""IlcErrorTask"" skipped, due to false condition; (!Exists('$(InputSharedAssemblyPath)\%(SharedLibraryContent.Identity)')) was evaluated as (!Exists('C:\Program Files (x86)\Microsoft SDKs\Windows Kits\10\ExtensionSDKs\Microsoft.NET.Native.Framework.1.3\1.3\x86\ret\ILTransformed\System.Resources.ResourceManager.ildll'))."
"Message",Low,"Task ""IlcErrorTask"" skipped, due to false condition; (!Exists('$(InputSharedAssemblyPath)\%(SharedLibraryContent.Identity)')) was evaluated as (!Exists('C:\Program Files (x86)\Microsoft SDKs\Windows Kits\10\ExtensionSDKs\Microsoft.NET.Native.Framework.1.3\1.3\x86\ret\ILTransformed\System.Runtime.Extensions.ildll'))."
"Message",Low,"Task ""IlcErrorTask"" skipped, due to false condition; (!Exists('$(InputSharedAssemblyPath)\%(SharedLibraryContent.Identity)')) was evaluated as (!Exists('C:\Program Files (x86)\Microsoft SDKs\Windows Kits\10\ExtensionSDKs\Microsoft.NET.Native.Framework.1.3\1.3\x86\ret\ILTransformed\System.Runtime.Implementation.ildll'))."
"Message",Low,"Task ""IlcErrorTask"" skipped, due to false condition; (!Exists('$(InputSharedAssemblyPath)\%(SharedLibraryContent.Identity)')) was evaluated as (!Exists('C:\Program Files (x86)\Microsoft SDKs\Windows Kits\10\ExtensionSDKs\Microsoft.NET.Native.Framework.1.3\1.3\x86\ret\ILTransformed\System.Text.RegularExpressions.ildll'))."
"Message",Low,"Task ""IlcErrorTask"" skipped, due to false condition; (!Exists('$(InputSharedAssemblyPath)\%(SharedLibraryContent.Identity)')) was evaluated as (!Exists('C:\Program Files (x86)\Microsoft SDKs\Windows Kits\10\ExtensionSDKs\Microsoft.NET.Native.Framework.1.3\1.3\x86\ret\ILTransformed\System.Private.SharedLibrary.Interop.Generated.ildll'))."
"Message",Low,"Task ""IlcErrorTask"" skipped, due to false condition; (!Exists('$(InputSharedAssemblyPath)\%(SharedLibraryContent.Identity)')) was evaluated as (!Exists('C:\Program Files (x86)\Microsoft SDKs\Windows Kits\10\ExtensionSDKs\Microsoft.NET.Native.Framework.1.3\1.3\x86\ret\ILTransformed\System.Collections.ilpdb'))."
"Message",Low,"Task ""IlcErrorTask"" skipped, due to false condition; (!Exists('$(InputSharedAssemblyPath)\%(SharedLibraryContent.Identity)')) was evaluated as (!Exists('C:\Program Files (x86)\Microsoft SDKs\Windows Kits\10\ExtensionSDKs\Microsoft.NET.Native.Framework.1.3\1.3\x86\ret\ILTransformed\System.Collections.Concurrent.ilpdb'))."
"Message",Low,"Task ""IlcErrorTask"" skipped, due to false condition; (!Exists('$(InputSharedAssemblyPath)\%(SharedLibraryContent.Identity)')) was evaluated as (!Exists('C:\Program Files (x86)\Microsoft SDKs\Windows Kits\10\ExtensionSDKs\Microsoft.NET.Native.Framework.1.3\1.3\x86\ret\ILTransformed\System.Diagnostics.Tracing.ilpdb'))."
"Message",Low,"Task ""IlcErrorTask"" skipped, due to false condition; (!Exists('$(InputSharedAssemblyPath)\%(SharedLibraryContent.Identity)')) was evaluated as (!Exists('C:\Program Files (x86)\Microsoft SDKs\Windows Kits\10\ExtensionSDKs\Microsoft.NET.Native.Framework.1.3\1.3\x86\ret\ILTransformed\System.Dynamic.Runtime.ilpdb'))."
"Message",Low,"Task ""IlcErrorTask"" skipped, due to false condition; (!Exists('$(InputSharedAssemblyPath)\%(SharedLibraryContent.Identity)')) was evaluated as (!Exists('C:\Program Files (x86)\Microsoft SDKs\Windows Kits\10\ExtensionSDKs\Microsoft.NET.Native.Framework.1.3\1.3\x86\ret\ILTransformed\System.IO.ilpdb'))."
"Message",Low,"Task ""IlcErrorTask"" skipped, due to false condition; (!Exists('$(InputSharedAssemblyPath)\%(SharedLibraryContent.Identity)')) was evaluated as (!Exists('C:\Program Files (x86)\Microsoft SDKs\Windows Kits\10\ExtensionSDKs\Microsoft.NET.Native.Framework.1.3\1.3\x86\ret\ILTransformed\System.Linq.ilpdb'))."
"Message",Low,"Task ""IlcErrorTask"" skipped, due to false condition; (!Exists('$(InputSharedAssemblyPath)\%(SharedLibraryContent.Identity)')) was evaluated as (!Exists('C:\Program Files (x86)\Microsoft SDKs\Windows Kits\10\ExtensionSDKs\Microsoft.NET.Native.Framework.1.3\1.3\x86\ret\ILTransformed\System.Linq.Expressions.ilpdb'))."
"Message",Low,"Task ""IlcErrorTask"" skipped, due to false condition; (!Exists('$(InputSharedAssemblyPath)\%(SharedLibraryContent.Identity)')) was evaluated as (!Exists('C:\Program Files (x86)\Microsoft SDKs\Windows Kits\10\ExtensionSDKs\Microsoft.NET.Native.Framework.1.3\1.3\x86\ret\ILTransformed\System.ObjectModel.ilpdb'))."
"Message",Low,"Task ""IlcErrorTask"" skipped, due to false condition; (!Exists('$(InputSharedAssemblyPath)\%(SharedLibraryContent.Identity)')) was evaluated as (!Exists('C:\Program Files (x86)\Microsoft SDKs\Windows Kits\10\ExtensionSDKs\Microsoft.NET.Native.Framework.1.3\1.3\x86\ret\ILTransformed\System.Private.CoreLib.ilpdb'))."
"Message",Low,"Task ""IlcErrorTask"" skipped, due to false condition; (!Exists('$(InputSharedAssemblyPath)\%(SharedLibraryContent.Identity)')) was evaluated as (!Exists('C:\Program Files (x86)\Microsoft SDKs\Windows Kits\10\ExtensionSDKs\Microsoft.NET.Native.Framework.1.3\1.3\x86\ret\ILTransformed\System.Private.Interop.ilpdb'))."
"Message",Low,"Task ""IlcErrorTask"" skipped, due to false condition; (!Exists('$(InputSharedAssemblyPath)\%(SharedLibraryContent.Identity)')) was evaluated as (!Exists('C:\Program Files (x86)\Microsoft SDKs\Windows Kits\10\ExtensionSDKs\Microsoft.NET.Native.Framework.1.3\1.3\x86\ret\ILTransformed\System.Private.Reflection.ilpdb'))."
"Message",Low,"Task ""IlcErrorTask"" skipped, due to false condition; (!Exists('$(InputSharedAssemblyPath)\%(SharedLibraryContent.Identity)')) was evaluated as (!Exists('C:\Program Files (x86)\Microsoft SDKs\Windows Kits\10\ExtensionSDKs\Microsoft.NET.Native.Framework.1.3\1.3\x86\ret\ILTransformed\System.Private.Reflection.Core.ilpdb'))."
"Message",Low,"Task ""IlcErrorTask"" skipped, due to false condition; (!Exists('$(InputSharedAssemblyPath)\%(SharedLibraryContent.Identity)')) was evaluated as (!Exists('C:\Program Files (x86)\Microsoft SDKs\Windows Kits\10\ExtensionSDKs\Microsoft.NET.Native.Framework.1.3\1.3\x86\ret\ILTransformed\System.Private.Reflection.Execution.ilpdb'))."
"Message",Low,"Task ""IlcErrorTask"" skipped, due to false condition; (!Exists('$(InputSharedAssemblyPath)\%(SharedLibraryContent.Identity)')) was evaluated as (!Exists('C:\Program Files (x86)\Microsoft SDKs\Windows Kits\10\ExtensionSDKs\Microsoft.NET.Native.Framework.1.3\1.3\x86\ret\ILTransformed\System.Private.Reflection.Metadata.ilpdb'))."
"Message",Low,"Task ""IlcErrorTask"" skipped, due to false condition; (!Exists('$(InputSharedAssemblyPath)\%(SharedLibraryContent.Identity)')) was evaluated as (!Exists('C:\Program Files (x86)\Microsoft SDKs\Windows Kits\10\ExtensionSDKs\Microsoft.NET.Native.Framework.1.3\1.3\x86\ret\ILTransformed\System.Private.Threading.ilpdb'))."
"Message",Low,"Task ""IlcErrorTask"" skipped, due to false condition; (!Exists('$(InputSharedAssemblyPath)\%(SharedLibraryContent.Identity)')) was evaluated as (!Exists('C:\Program Files (x86)\Microsoft SDKs\Windows Kits\10\ExtensionSDKs\Microsoft.NET.Native.Framework.1.3\1.3\x86\ret\ILTransformed\System.Private.TypeLoader.ilpdb'))."
"Message",Low,"Task ""IlcErrorTask"" skipped, due to false condition; (!Exists('$(InputSharedAssemblyPath)\%(SharedLibraryContent.Identity)')) was evaluated as (!Exists('C:\Program Files (x86)\Microsoft SDKs\Windows Kits\10\ExtensionSDKs\Microsoft.NET.Native.Framework.1.3\1.3\x86\ret\ILTransformed\System.Private.Uri.ilpdb'))."
"Message",Low,"Task ""IlcErrorTask"" skipped, due to false condition; (!Exists('$(InputSharedAssemblyPath)\%(SharedLibraryContent.Identity)')) was evaluated as (!Exists('C:\Program Files (x86)\Microsoft SDKs\Windows Kits\10\ExtensionSDKs\Microsoft.NET.Native.Framework.1.3\1.3\x86\ret\ILTransformed\System.Reflection.Extensions.ilpdb'))."
"Message",Low,"Task ""IlcErrorTask"" skipped, due to false condition; (!Exists('$(InputSharedAssemblyPath)\%(SharedLibraryContent.Identity)')) was evaluated as (!Exists('C:\Program Files (x86)\Microsoft SDKs\Windows Kits\10\ExtensionSDKs\Microsoft.NET.Native.Framework.1.3\1.3\x86\ret\ILTransformed\System.Reflection.Primitives.ilpdb'))."
"Message",Low,"Task ""IlcErrorTask"" skipped, due to false condition; (!Exists('$(InputSharedAssemblyPath)\%(SharedLibraryContent.Identity)')) was evaluated as (!Exists('C:\Program Files (x86)\Microsoft SDKs\Windows Kits\10\ExtensionSDKs\Microsoft.NET.Native.Framework.1.3\1.3\x86\ret\ILTransformed\System.Reflection.TypeExtensions.ilpdb'))."
"Message",Low,"Task ""IlcErrorTask"" skipped, due to false condition; (!Exists('$(InputSharedAssemblyPath)\%(SharedLibraryContent.Identity)')) was evaluated as (!Exists('C:\Program Files (x86)\Microsoft SDKs\Windows Kits\10\ExtensionSDKs\Microsoft.NET.Native.Framework.1.3\1.3\x86\ret\ILTransformed\System.Resources.ResourceManager.ilpdb'))."
"Message",Low,"Task ""IlcErrorTask"" skipped, due to false condition; (!Exists('$(InputSharedAssemblyPath)\%(SharedLibraryContent.Identity)')) was evaluated as (!Exists('C:\Program Files (x86)\Microsoft SDKs\Windows Kits\10\ExtensionSDKs\Microsoft.NET.Native.Framework.1.3\1.3\x86\ret\ILTransformed\System.Runtime.Extensions.ilpdb'))."
"Message",Low,"Task ""IlcErrorTask"" skipped, due to false condition; (!Exists('$(InputSharedAssemblyPath)\%(SharedLibraryContent.Identity)')) was evaluated as (!Exists('C:\Program Files (x86)\Microsoft SDKs\Windows Kits\10\ExtensionSDKs\Microsoft.NET.Native.Framework.1.3\1.3\x86\ret\ILTransformed\System.Runtime.Implementation.ilpdb'))."
"Message",Low,"Task ""IlcErrorTask"" skipped, due to false condition; (!Exists('$(InputSharedAssemblyPath)\%(SharedLibraryContent.Identity)')) was evaluated as (!Exists('C:\Program Files (x86)\Microsoft SDKs\Windows Kits\10\ExtensionSDKs\Microsoft.NET.Native.Framework.1.3\1.3\x86\ret\ILTransformed\System.Text.RegularExpressions.ilpdb'))."
"Message",Low,"Task ""IlcErrorTask"" skipped, due to false condition; (!Exists('$(InputSharedAssemblyPath)\%(SharedLibraryContent.Identity)')) was evaluated as (!Exists('C:\Program Files (x86)\Microsoft SDKs\Windows Kits\10\ExtensionSDKs\Microsoft.NET.Native.Framework.1.3\1.3\x86\ret\ILTransformed\System.Private.SharedLibrary.Interop.Generated.ilpdb'))."
"Message",Low,"Task ""IlcErrorTask"" skipped, due to false condition; (!Exists('$(InputSharedAssemblyPath)\%(SharedLibraryContent.Identity)')) was evaluated as (!Exists('C:\Program Files (x86)\Microsoft SDKs\Windows Kits\10\ExtensionSDKs\Microsoft.NET.Native.Framework.1.3\1.3\x86\ret\Toc\System.Collections.toc'))."
"Message",Low,"Task ""IlcErrorTask"" skipped, due to false condition; (!Exists('$(InputSharedAssemblyPath)\%(SharedLibraryContent.Identity)')) was evaluated as (!Exists('C:\Program Files (x86)\Microsoft SDKs\Windows Kits\10\ExtensionSDKs\Microsoft.NET.Native.Framework.1.3\1.3\x86\ret\Toc\System.Collections.Concurrent.toc'))."
"Message",Low,"Task ""IlcErrorTask"" skipped, due to false condition; (!Exists('$(InputSharedAssemblyPath)\%(SharedLibraryContent.Identity)')) was evaluated as (!Exists('C:\Program Files (x86)\Microsoft SDKs\Windows Kits\10\ExtensionSDKs\Microsoft.NET.Native.Framework.1.3\1.3\x86\ret\Toc\System.Diagnostics.Tracing.toc'))."
"Message",Low,"Task ""IlcErrorTask"" skipped, due to false condition; (!Exists('$(InputSharedAssemblyPath)\%(SharedLibraryContent.Identity)')) was evaluated as (!Exists('C:\Program Files (x86)\Microsoft SDKs\Windows Kits\10\ExtensionSDKs\Microsoft.NET.Native.Framework.1.3\1.3\x86\ret\Toc\System.Dynamic.Runtime.toc'))."
"Message",Low,"Task ""IlcErrorTask"" skipped, due to false condition; (!Exists('$(InputSharedAssemblyPath)\%(SharedLibraryContent.Identity)')) was evaluated as (!Exists('C:\Program Files (x86)\Microsoft SDKs\Windows Kits\10\ExtensionSDKs\Microsoft.NET.Native.Framework.1.3\1.3\x86\ret\Toc\System.IO.toc'))."
"Message",Low,"Task ""IlcErrorTask"" skipped, due to false condition; (!Exists('$(InputSharedAssemblyPath)\%(SharedLibraryContent.Identity)')) was evaluated as (!Exists('C:\Program Files (x86)\Microsoft SDKs\Windows Kits\10\ExtensionSDKs\Microsoft.NET.Native.Framework.1.3\1.3\x86\ret\Toc\System.Linq.toc'))."
"Message",Low,"Task ""IlcErrorTask"" skipped, due to false condition; (!Exists('$(InputSharedAssemblyPath)\%(SharedLibraryContent.Identity)')) was evaluated as (!Exists('C:\Program Files (x86)\Microsoft SDKs\Windows Kits\10\ExtensionSDKs\Microsoft.NET.Native.Framework.1.3\1.3\x86\ret\Toc\System.Linq.Expressions.toc'))."
"Message",Low,"Task ""IlcErrorTask"" skipped, due to false condition; (!Exists('$(InputSharedAssemblyPath)\%(SharedLibraryContent.Identity)')) was evaluated as (!Exists('C:\Program Files (x86)\Microsoft SDKs\Windows Kits\10\ExtensionSDKs\Microsoft.NET.Native.Framework.1.3\1.3\x86\ret\Toc\System.ObjectModel.toc'))."
"Message",Low,"Task ""IlcErrorTask"" skipped, due to false condition; (!Exists('$(InputSharedAssemblyPath)\%(SharedLibraryContent.Identity)')) was evaluated as (!Exists('C:\Program Files (x86)\Microsoft SDKs\Windows Kits\10\ExtensionSDKs\Microsoft.NET.Native.Framework.1.3\1.3\x86\ret\Toc\System.Private.CoreLib.toc'))."
"Message",Low,"Task ""IlcErrorTask"" skipped, due to false condition; (!Exists('$(InputSharedAssemblyPath)\%(SharedLibraryContent.Identity)')) was evaluated as (!Exists('C:\Program Files (x86)\Microsoft SDKs\Windows Kits\10\ExtensionSDKs\Microsoft.NET.Native.Framework.1.3\1.3\x86\ret\Toc\System.Private.Interop.toc'))."
"Message",Low,"Task ""IlcErrorTask"" skipped, due to false condition; (!Exists('$(InputSharedAssemblyPath)\%(SharedLibraryContent.Identity)')) was evaluated as (!Exists('C:\Program Files (x86)\Microsoft SDKs\Windows Kits\10\ExtensionSDKs\Microsoft.NET.Native.Framework.1.3\1.3\x86\ret\Toc\System.Private.Reflection.toc'))."
"Message",Low,"Task ""IlcErrorTask"" skipped, due to false condition; (!Exists('$(InputSharedAssemblyPath)\%(SharedLibraryContent.Identity)')) was evaluated as (!Exists('C:\Program Files (x86)\Microsoft SDKs\Windows Kits\10\ExtensionSDKs\Microsoft.NET.Native.Framework.1.3\1.3\x86\ret\Toc\System.Private.Reflection.Core.toc'))."
"Message",Low,"Task ""IlcErrorTask"" skipped, due to false condition; (!Exists('$(InputSharedAssemblyPath)\%(SharedLibraryContent.Identity)')) was evaluated as (!Exists('C:\Program Files (x86)\Microsoft SDKs\Windows Kits\10\ExtensionSDKs\Microsoft.NET.Native.Framework.1.3\1.3\x86\ret\Toc\System.Private.Reflection.Execution.toc'))."
"Message",Low,"Task ""IlcErrorTask"" skipped, due to false condition; (!Exists('$(InputSharedAssemblyPath)\%(SharedLibraryContent.Identity)')) was evaluated as (!Exists('C:\Program Files (x86)\Microsoft SDKs\Windows Kits\10\ExtensionSDKs\Microsoft.NET.Native.Framework.1.3\1.3\x86\ret\Toc\System.Private.Reflection.Metadata.toc'))."
"Message",Low,"Task ""IlcErrorTask"" skipped, due to false condition; (!Exists('$(InputSharedAssemblyPath)\%(SharedLibraryContent.Identity)')) was evaluated as (!Exists('C:\Program Files (x86)\Microsoft SDKs\Windows Kits\10\ExtensionSDKs\Microsoft.NET.Native.Framework.1.3\1.3\x86\ret\Toc\System.Private.Threading.toc'))."
"Message",Low,"Task ""IlcErrorTask"" skipped, due to false condition; (!Exists('$(InputSharedAssemblyPath)\%(SharedLibraryContent.Identity)')) was evaluated as (!Exists('C:\Program Files (x86)\Microsoft SDKs\Windows Kits\10\ExtensionSDKs\Microsoft.NET.Native.Framework.1.3\1.3\x86\ret\Toc\System.Private.TypeLoader.toc'))."
"Message",Low,"Task ""IlcErrorTask"" skipped, due to false condition; (!Exists('$(InputSharedAssemblyPath)\%(SharedLibraryContent.Identity)')) was evaluated as (!Exists('C:\Program Files (x86)\Microsoft SDKs\Windows Kits\10\ExtensionSDKs\Microsoft.NET.Native.Framework.1.3\1.3\x86\ret\Toc\System.Private.Uri.toc'))."
"Message",Low,"Task ""IlcErrorTask"" skipped, due to false condition; (!Exists('$(InputSharedAssemblyPath)\%(SharedLibraryContent.Identity)')) was evaluated as (!Exists('C:\Program Files (x86)\Microsoft SDKs\Windows Kits\10\ExtensionSDKs\Microsoft.NET.Native.Framework.1.3\1.3\x86\ret\Toc\System.Reflection.Extensions.toc'))."
"Message",Low,"Task ""IlcErrorTask"" skipped, due to false condition; (!Exists('$(InputSharedAssemblyPath)\%(SharedLibraryContent.Identity)')) was evaluated as (!Exists('C:\Program Files (x86)\Microsoft SDKs\Windows Kits\10\ExtensionSDKs\Microsoft.NET.Native.Framework.1.3\1.3\x86\ret\Toc\System.Reflection.Primitives.toc'))."
"Message",Low,"Task ""IlcErrorTask"" skipped, due to false condition; (!Exists('$(InputSharedAssemblyPath)\%(SharedLibraryContent.Identity)')) was evaluated as (!Exists('C:\Program Files (x86)\Microsoft SDKs\Windows Kits\10\ExtensionSDKs\Microsoft.NET.Native.Framework.1.3\1.3\x86\ret\Toc\System.Reflection.TypeExtensions.toc'))."
"Message",Low,"Task ""IlcErrorTask"" skipped, due to false condition; (!Exists('$(InputSharedAssemblyPath)\%(SharedLibraryContent.Identity)')) was evaluated as (!Exists('C:\Program Files (x86)\Microsoft SDKs\Windows Kits\10\ExtensionSDKs\Microsoft.NET.Native.Framework.1.3\1.3\x86\ret\Toc\System.Resources.ResourceManager.toc'))."
"Message",Low,"Task ""IlcErrorTask"" skipped, due to false condition; (!Exists('$(InputSharedAssemblyPath)\%(SharedLibraryContent.Identity)')) was evaluated as (!Exists('C:\Program Files (x86)\Microsoft SDKs\Windows Kits\10\ExtensionSDKs\Microsoft.NET.Native.Framework.1.3\1.3\x86\ret\Toc\System.Runtime.Extensions.toc'))."
"Message",Low,"Task ""IlcErrorTask"" skipped, due to false condition; (!Exists('$(InputSharedAssemblyPath)\%(SharedLibraryContent.Identity)')) was evaluated as (!Exists('C:\Program Files (x86)\Microsoft SDKs\Windows Kits\10\ExtensionSDKs\Microsoft.NET.Native.Framework.1.3\1.3\x86\ret\Toc\System.Runtime.Implementation.toc'))."
"Message",Low,"Task ""IlcErrorTask"" skipped, due to false condition; (!Exists('$(InputSharedAssemblyPath)\%(SharedLibraryContent.Identity)')) was evaluated as (!Exists('C:\Program Files (x86)\Microsoft SDKs\Windows Kits\10\ExtensionSDKs\Microsoft.NET.Native.Framework.1.3\1.3\x86\ret\Toc\System.Text.RegularExpressions.toc'))."
"Message",Low,"Task ""IlcErrorTask"" skipped, due to false condition; (!Exists('$(InputSharedAssemblyPath)\%(SharedLibraryContent.Identity)')) was evaluated as (!Exists('C:\Program Files (x86)\Microsoft SDKs\Windows Kits\10\ExtensionSDKs\Microsoft.NET.Native.Framework.1.3\1.3\x86\ret\Toc\System.Private.SharedLibrary.Interop.Generated.toc'))."
"Message",Low,"Task ""IlcErrorTask"" skipped, due to false condition; (!Exists('$(InputSharedAssemblyPath)\%(SharedLibraryContent.Identity)')) was evaluated as (!Exists('C:\Program Files (x86)\Microsoft SDKs\Windows Kits\10\ExtensionSDKs\Microsoft.NET.Native.Framework.1.3\1.3\x86\ret\MDIL\SharedLibrary.mdildll'))."
"Message",Low,"Done building target ""SetForSharedInputs"" in project ""Unnamed_1""."
"Message",Low,"Target ""SetForBuildSharedAssemblies"" skipped, due to false condition; ('$(BuildSharedAssemblies)' == 'true') was evaluated as ('false' == 'true')."
"Message",Low,"Target ""ResolveInitialReferences"" in file ""C:\Program Files (x86)\MSBuild\15.0\.Net\.NetNative\15.0.24211\x86\ilc\IlcInternals.targets"" from project ""C:\Users\Rick Pro\Desktop\ContactsApp\ContactsApp\Unnamed_1"" (target ""RunILTransforms"" depends on it):"
"Message",Low,"Task ""ResolveFilePathTask"""
"Message",Low,"Done executing task ""ResolveFilePathTask""."
"Message",Low,"Task ""IlcErrorTask"" skipped, due to false condition; ('@(UnresolvedInitialAssemblyClosureRoots)' != '') was evaluated as ('' != '')."
"Message",Low,"Task ""ResolveFilePathTask"""
"Message",Low,"Done executing task ""ResolveFilePathTask""."
"Message",Low,"Task ""IlcErrorTask"" skipped, due to false condition; ('@(UnresolvedManagedDllFilesErrorParameters)'!='') was evaluated as (''!='')."
"Message",Low,"Task ""Message"""
"Message",Normal,"Running AssemblyClosureTask in ResolveInitialReferences (1)"
"Message",Low,"Done executing task ""Message""."
"Message",Low,"Task ""AssemblyClosureTask"""
"Message",Low,"Done executing task ""AssemblyClosureTask""."
"Message",Low,"Task ""Message"""
"Message",Normal,"Running AssemblyClosureTask in ResolveInitialReferences (2)"
"Message",Low,"Done executing task ""Message""."
"Message",Low,"Task ""AssemblyClosureTask"""
"Message",Low,"Done executing task ""AssemblyClosureTask""."
"Message",Low,"Using ""RemoveDuplicates"" task from assembly ""Microsoft.Build.Tasks.v4.0, Version=4.0.0.0, Culture=neutral, PublicKeyToken=b03f5f7f11d50a3a""."
"Message",Low,"Task ""RemoveDuplicates"""
"Message",Low,"Done executing task ""RemoveDuplicates""."
"Message",Low,"Done building target ""ResolveInitialReferences"" in project ""Unnamed_1""."
"Message",Low,"Target ""RunILTransforms"" in file ""C:\Program Files (x86)\MSBuild\15.0\.Net\.NetNative\15.0.24211\x86\ilc\IlcInternals.targets"" from project ""C:\Users\Rick Pro\Desktop\ContactsApp\ContactsApp\Unnamed_1"" (target ""MDILPrepareMultiFile"" depends on it):"
"Message",Low,"Building target ""RunILTransforms"" completely."
"Message",Low,"Output file ""C:\Users\Rick Pro\Desktop\ContactsApp\ContactsApp\obj\x86\Release\ilc\intermediate\ILTransformed\ContactsApp.ilexe"" does not exist."
"Message",Low,"Task ""IlcMessageTask"""
"Message",High,"Processing application code"
"Message",Low,"Done executing task ""IlcMessageTask""."
"Message",Low,"Using ""ValidateSimpleNamesTask"" task from assembly ""C:\Program Files (x86)\MSBuild\15.0\.Net\.NetNative\15.0.24211\x86\ilc\ilc.exe""."
"Message",Low,"Task ""ValidateSimpleNamesTask"""
"Message",Low,"Done executing task ""ValidateSimpleNamesTask""."
"Message",Low,"Task ""MakeDir"""
"Message",Normal,"Creating directory ""C:\Users\Rick Pro\Desktop\ContactsApp\ContactsApp\obj\x86\Release\ilc\intermediate\ILTransformed\""."
"Message",Low,"Done executing task ""MakeDir""."
"Message",Low,"Task ""MakeDir"" skipped, due to false condition; ('$(BuildSharedAssemblies)' == 'true') was evaluated as ('false' == 'true')."
"Message",Low,"Task ""MakeDir"" skipped, due to false condition; ('$(BuildSharedAssemblies)' == 'true') was evaluated as ('false' == 'true')."
"Message",Low,"Task ""IlcErrorTask"" skipped, due to false condition; ('$(PlatformTarget)'=='') was evaluated as ('x86'=='')."
"Message",Low,"Task ""ResolveFilePathTask"""
"Message",Low,"Done executing task ""ResolveFilePathTask""."
"Message",Low,"Task ""IlcErrorTask"" skipped, due to false condition; ('@(UnresolvedMcgSourceContractsReferencesErrorParameters)'!='') was evaluated as (''!='')."
"Message",Low,"Task ""ResolveFilePathTask"""
"Message",Low,"Done executing task ""ResolveFilePathTask""."
"Message",Low,"Task ""IlcErrorTask"" skipped, due to false condition; ('@(UnresolvedMcgSourceFacadeErrorParameters)'!='') was evaluated as (''!='')."
"Message",Low,"Task ""ResolveFilePathTask"""
"Message",Low,"Done executing task ""ResolveFilePathTask""."
"Message",Low,"Task ""IlcErrorTask"" skipped, due to false condition; ('@(UnresolvedFinalAssemblyClosureRoots)' != '') was evaluated as ('' != '')."
"Message",Low,"Task ""ResolveFilePathTask"""
"Message",Low,"Done executing task ""ResolveFilePathTask""."
"Message",Low,"Task ""IlcErrorTask"" skipped, due to false condition; ('@(UnresolvedManagedDllFilesErrorParameters)'!='') was evaluated as (''!='')."
"Message",Low,"Task ""Message"""
"Message",Normal,"Running AssemblyClosureTask in RunILTransforms"
"Message",Low,"Done executing task ""Message""."
"Message",Low,"Task ""AssemblyClosureTask"""
"Message",Low,"Done executing task ""AssemblyClosureTask""."
"Message",Low,"Task ""ResolveFilePathTask"" skipped, due to false condition; ('$(UseSharedAssemblies)' != 'true') was evaluated as ('true' != 'true')."
"Message",Low,"Task ""IlcErrorTask"" skipped, due to false condition; ('@(UnresolvedCoreAssemblyErrorParameters)'!='') was evaluated as (''!='')."
"Message",Low,"Task ""RemoveDuplicates"""
"Message",Low,"Done executing task ""RemoveDuplicates""."
"Message",Low,"Task ""AddToNativePackageTask"" skipped, due to false condition; ('@(NeedsClrCompression)' != '') was evaluated as ('' != '')."
"Message",Low,"Task ""MakeDir"""
"Message",Normal,"Creating directory ""C:\Users\Rick Pro\Desktop\ContactsApp\ContactsApp\obj\x86\Release\ilc\intermediate\SgGenerated""."
"Message",Low,"Done executing task ""MakeDir""."
"Message",Low,"Task ""WriteLinesToFile"""
"Message",Low,"Done executing task ""WriteLinesToFile""."
"Message",Low,"Task ""MakeDir"""
"Message",Normal,"Creating directory ""C:\Users\Rick Pro\Desktop\ContactsApp\ContactsApp\obj\x86\Release\ilc\intermediate\ResW\""."
"Message",Low,"Done executing task ""MakeDir""."
"Message",Low,"Task ""IlcWarningTask"" skipped, due to false condition; ('$(BuildSharedAssemblies)' != 'true' and '@(ReducerInputFiles)' == '') was evaluated as ('false' != 'true' and 'C:\Users\Rick Pro\Desktop\ContactsApp\ContactsApp\obj\x86\Release\ilc\in\Properties\Default.rd.xml' == '')."
"Message",Low,"Task ""ILTransformTask"""
"Message",Normal,"Running 'Analysis' transform, heap at 21 MB."
"Message",Low,"Loading 78 modules..."
"Message",Normal,"Imported reflection directives from 10 files:"
"Message",Normal,"C:\Users\Rick Pro\Desktop\ContactsApp\ContactsApp\obj\x86\Release\ilc\in\Properties\Default.rd.xml"
"Message",Normal,"Embedded manifest in System.Xml.XDocument: System.Xml.Resources.System.Xml.XDocument.rd.xml"
"Message",Normal,"Embedded manifest in System.Diagnostics.Tracing: Resources.System.Diagnostics.Tracing.rd.xml"
"Message",Normal,"Embedded manifest in System.Runtime.Serialization.Primitives: System.Runtime.Serialization.Primitives.Resources.System.Runtime.Serialization.Primitives.rd.xml"
"Message",Normal,"Embedded manifest in System.Private.Reflection: System.Private.Reflection.rd.xml"
"Message",Normal,"Embedded manifest in System.Private.CoreLib: Resources.System.Private.CoreLib.rd.xml"
"Message",Normal,"Embedded manifest in System.Private.Uri: Resources.System.Private.Uri.rd.xml"
"Message",Normal,"Embedded manifest in System.Private.Reflection.Core: System.Private.Reflection.Core.rd.xml"
"Message",Normal,"Embedded manifest in System.Private.Interop: Resources.System.Private.Interop.rd.xml"
"Message",Normal,"Embedded manifest in System.Xml.ReaderWriter: System.Xml.Resources.System.Xml.ReaderWriter.rd.xml"
"Message",Normal,"Imported XAML Roots from 1 files:"
"Message",Normal,"C:\Users\Rick Pro\Desktop\ContactsApp\ContactsApp\obj\x86\Release\ilc\in\ContactsApp.xr.xml"
"Message",Normal,"Running 'Mcg' transform, heap at 163 MB."
"Message",High,"Computing application closure and generating interop code"
"Message",Normal,"  List of .lib files:"
"Message",Normal,"      WindowsApp.lib"
"Message",Normal,"  List of .lib search paths:"
"Message",Normal,"      C:\Program Files (x86)\Windows Kits\10\lib\10.0.15063.0\um\x86"
"Message",Normal,"  Loading exports from libs..."
"Message",Normal,"      2875 exports read from 'C:\Program Files (x86)\Windows Kits\10\lib\10.0.15063.0\um\x86\WindowsApp.lib'."
"Message",Normal,"  Loading 78 modules..."
"Message",Normal,"  Generating code..."
"Message",Normal,"      Resolving P/invokes..."
"Message",Normal,"          P/Invoke 'RhWaitForPendingFinalizers' could not be resolved but ExactSpelling specified , defaulting to [MRT]!RhWaitForPendingFinalizers"
"Message",Normal,"          P/Invoke 'RhCompatibleReentrantWaitAny' could not be resolved but ExactSpelling specified , defaulting to [MRT]!RhCompatibleReentrantWaitAny"
"Message",Normal,"          P/Invoke '_ecvt_s' could not be resolved but ExactSpelling specified , defaulting to [MRT]!_ecvt_s"
"Message",Normal,"          P/Invoke 'memmove' could not be resolved but ExactSpelling specified , defaulting to [MRT]!memmove"
"Message",Normal,"          P/Invoke 'CallingConventionConverter_GetStubs' could not be resolved but ExactSpelling specified , defaulting to *!CallingConventionConverter_GetStubs"
"Message",Normal,"          P/Invoke 'GetLastError' resolved to api-ms-win-core-errorhandling-l1-1-1.dll!GetLastError"
"Message",Normal,"          P/Invoke 'RoInitialize' resolved to api-ms-win-core-winrt-l1-1-0.dll!RoInitialize"
"Message",Normal,"          P/Invoke 'IsValidLocaleName' resolved to api-ms-win-core-localization-l1-2-1.dll!IsValidLocaleName"
"Message",Normal,"          P/Invoke 'ResolveLocaleName' resolved to api-ms-win-core-localization-l1-2-1.dll!ResolveLocaleName"
"Message",Normal,"          P/Invoke 'GetCPInfoExW' resolved to api-ms-win-core-localization-l1-2-1.dll!GetCPInfoExW"
"Message",Normal,"          P/Invoke 'FormatMessageW' resolved to api-ms-win-core-localization-l1-2-1.dll!FormatMessageW"
"Message",Normal,"          P/Invoke 'FormatMessageW' resolved to api-ms-win-core-localization-l1-2-1.dll!FormatMessageW"
"Message",Normal,"          P/Invoke 'CoCreateInstance' could not be resolved but ExactSpelling specified , defaulting to api-ms-win-core-com-l1-1-0.dll!CoCreateInstance"
"Message",Normal,"          P/Invoke 'RtlIpv6AddressToStringExW' resolved to ntdll.dll!RtlIpv6AddressToStringExW"
"Message",Normal,"          P/Invoke 'RtlIpv4AddressToStringExW' resolved to ntdll.dll!RtlIpv4AddressToStringExW"
"Message",Normal,"          P/Invoke 'SysFreeString' resolved to oleaut32.dll!#6"
"Message",Normal,"          P/Invoke 'GetFileType' resolved to api-ms-win-core-file-l1-2-1.dll!GetFileType"
"Message",Normal,"          P/Invoke 'SetFilePointerEx' resolved to api-ms-win-core-file-l1-2-1.dll!SetFilePointerEx"
"Message",Normal,"          P/Invoke 'SetEndOfFile' resolved to api-ms-win-core-file-l1-2-1.dll!SetEndOfFile"
"Message",Normal,"          P/Invoke 'GetFileAttributesExW' resolved to api-ms-win-core-file-l1-2-1.dll!GetFileAttributesExW"
"Message",Normal,"          P/Invoke 'FindFirstFileExW' resolved to api-ms-win-core-file-l1-2-1.dll!FindFirstFileExW"
"Message",Normal,"          P/Invoke 'ReadFile' resolved to api-ms-win-core-file-l1-2-1.dll!ReadFile"
"Message",Normal,"          P/Invoke 'ReadFile' resolved to api-ms-win-core-file-l1-2-1.dll!ReadFile"
"Message",Normal,"          P/Invoke 'WriteFile' resolved to api-ms-win-core-file-l1-2-1.dll!WriteFile"
"Message",Normal,"          P/Invoke 'WriteFile' resolved to api-ms-win-core-file-l1-2-1.dll!WriteFile"
"Message",Normal,"          P/Invoke 'FindClose' resolved to api-ms-win-core-file-l1-2-1.dll!FindClose"
"Message",Normal,"          P/Invoke 'FlushFileBuffers' resolved to api-ms-win-core-file-l1-2-1.dll!FlushFileBuffers"
"Message",Normal,"          P/Invoke 'CreateThreadpoolIo' resolved to api-ms-win-core-threadpool-l1-2-0.dll!CreateThreadpoolIo"
"Message",Normal,"          P/Invoke 'CloseThreadpoolIo' resolved to api-ms-win-core-threadpool-l1-2-0.dll!CloseThreadpoolIo"
"Message",Normal,"          P/Invoke 'StartThreadpoolIo' resolved to api-ms-win-core-threadpool-l1-2-0.dll!StartThreadpoolIo"
"Message",Normal,"          P/Invoke 'CancelThreadpoolIo' resolved to api-ms-win-core-threadpool-l1-2-0.dll!CancelThreadpoolIo"
"Message",Normal,"          P/Invoke 'RoGetBufferMarshaler' resolved to api-ms-win-core-winrt-robuffer-l1-1-0.dll!RoGetBufferMarshaler"
"Message",Normal,"          P/Invoke 'GetFileInformationByHandleEx' resolved to api-ms-win-core-file-l2-1-1.dll!GetFileInformationByHandleEx"
"Message",Normal,"          P/Invoke 'CreateFile2' resolved to api-ms-win-core-file-l1-2-1.dll!CreateFile2"
"Message",Normal,"          P/Invoke 'CloseHandle' resolved to api-ms-win-core-handle-l1-1-0.dll!CloseHandle"
"Message",Normal,"          P/Invoke 'CancelIoEx' resolved to api-ms-win-core-io-l1-1-1.dll!CancelIoEx"
"Message",Normal,"  Interop code generated."
"Message",Normal,"  Written code to AssemblyInfo.g.cs"
"Message",Normal,"  Written code to Adapters.g.cs"
"Message",Normal,"  Written code to Data.g.cs"
"Message",Normal,"  Written code to Helpers.g.cs"
"Message",Normal,"  Written code to ImplTypes.g.cs"
"Message",Normal,"  Written code to PInvoke.g.cs"
"Message",Normal,"  Written code to SafeTypes.g.cs"
"Message",Normal,"  Written code to SharedStubs.g.cs"
"Message",Normal,"  Written code to ContactsApp.ITFProxy.g.cs"
"Message",Normal,"Running 'CompileMcgSourceAndSerializationAssemblyGenerator' transform, heap at 169 MB."
"Message",High,"Generating serialization code"
"Message",High,"Compiling interop code"
"Message",Low,"Compiling MCG output with arguments:  /debug:""pdbonly"" /nowarn:""0436;0618;1668;1685;1701;1702"" /debug+ /nostdlib+ /optimize+ /out:""C:\Users\Rick Pro\Desktop\ContactsApp\ContactsApp\obj\x86\Release\ilc\intermediate\ContactsApp.McgInterop.dll"" /pdb:""C:\Users\Rick Pro\Desktop\ContactsApp\ContactsApp\obj\x86\Release\ilc\intermediate\ContactsApp.McgInterop.pdb"" /platform:""x86"" /warnaserror+ /unsafe /noconfig /nologo /target:library /define:""MCG_PRE_BUILD"" /r:""C:\Program Files (x86)\MSBuild\15.0\.Net\.NetNative\15.0.24211\x86\ilc\lib\Private\System.Private.Corelib.dll"" /r:""C:\Program Files (x86)\MSBuild\15.0\.Net\.NetNative\15.0.24211\x86\ilc\lib\Private\System.Private.Corelib.InteropServices.dll"" /r:""C:\Program Files (x86)\MSBuild\15.0\.Net\.NetNative\15.0.24211\x86\ilc\lib\Private\System.Private.Interop.dll"" /r:""C:\Users\Rick Pro\Desktop\ContactsApp\ContactsApp\obj\x86\Release\ilc\in\System.Private.Uri.dll"" /r:""C:\Program Files (x86)\MSBuild\15.0\.Net\.NetNative\15.0.24211\x86\ilc\lib\Private\System.Private.CompilerServices.ICastable.dll"" /r:""C:\Program Files (x86)\MSBuild\15.0\.Net\.NetNative\15.0.24211\x86\ilc\lib\Private\System.Private.Reflection.dll"" /r:""C:\Program Files (x86)\MSBuild\15.0\.Net\.NetNative\15.0.24211\x86\ilc\lib\Private\System.Private.DispatchProxy.dll"" /r:""C:\Users\Rick Pro\Desktop\ContactsApp\ContactsApp\obj\x86\Release\ilc\in\System.Reflection.DispatchProxy.dll"" /r:""C:\Users\Rick Pro\Desktop\ContactsApp\ContactsApp\obj\x86\Release\ilc\in\System.Reflection.dll"" /r:""C:\Users\Rick Pro\Desktop\ContactsApp\ContactsApp\obj\x86\Release\ilc\in\System.Runtime.dll"" /r:""C:\Users\Rick Pro\Desktop\ContactsApp\ContactsApp\obj\x86\Release\ilc\in\System.Runtime.InteropServices.dll"" /r:""C:\Users\Rick Pro\Desktop\ContactsApp\ContactsApp\obj\x86\Release\ilc\in\System.Runtime.InteropServices.WindowsRuntime.dll"" /r:""C:\Users\Rick Pro\Desktop\ContactsApp\ContactsApp\obj\x86\Release\ilc\in\System.Numerics.Vectors.dll"" /r:""C:\Users\Rick Pro\Desktop\ContactsApp\ContactsApp\obj\x86\Release\ilc\in\System.Threading.dll"" /r:""C:\Users\Rick Pro\Desktop\ContactsApp\ContactsApp\obj\x86\Release\ilc\in\System.Diagnostics.Debug.dll"" /r:""C:\Users\Rick Pro\Desktop\ContactsApp\ContactsApp\obj\x86\Release\ilc\intermediate\TransformedSRWR\System.Runtime.WindowsRuntime.dll"" /r:""C:\Users\Rick Pro\Desktop\ContactsApp\ContactsApp\obj\x86\Release\ilc\in\System.Runtime.WindowsRuntime.UI.Xaml.dll"" /r:""C:\Users\Rick Pro\Desktop\ContactsApp\ContactsApp\obj\x86\Release\ilc\in\System.Dynamic.Runtime.dll"" /r:""C:\Program Files (x86)\MSBuild\15.0\.Net\.NetNative\15.0.24211\x86\ilc\lib\Private\System.Private.CoreLib.Augments.dll"" /r:""C:\Users\Rick Pro\Desktop\ContactsApp\ContactsApp\obj\x86\Release\ilc\in\System.Runtime.Extensions.dll"" /r:""C:\Users\Rick Pro\Desktop\ContactsApp\ContactsApp\obj\x86\Release\ilc\in\System.Collections.dll"" /r:""C:\Users\Rick Pro\Desktop\ContactsApp\ContactsApp\obj\x86\Release\ilc\in\System.ObjectModel.dll"" /r:""C:\Program Files (x86)\Microsoft SDKs\Windows Kits\10\ExtensionSDKs\Microsoft.NET.Native.Framework.1.3\1.3\x86\ret\AnalysisILToc\System.Private.SharedLibrary.Interop.Generated.iltoc"" ""C:\Users\Rick Pro\Desktop\ContactsApp\ContactsApp\obj\x86\Release\ilc\intermediate\ContactsApp.ITFProxy.g.cs"" ""C:\Users\Rick Pro\Desktop\ContactsApp\ContactsApp\obj\x86\Release\ilc\intermediate\ContactsApp.McgInterop\Adapters.g.cs"" ""C:\Users\Rick Pro\Desktop\ContactsApp\ContactsApp\obj\x86\Release\ilc\intermediate\ContactsApp.McgInterop\AssemblyInfo.g.cs"" ""C:\Users\Rick Pro\Desktop\ContactsApp\ContactsApp\obj\x86\Release\ilc\intermediate\ContactsApp.McgInterop\Data.g.cs"" ""C:\Users\Rick Pro\Desktop\ContactsApp\ContactsApp\obj\x86\Release\ilc\intermediate\ContactsApp.McgInterop\Helpers.g.cs"" ""C:\Users\Rick Pro\Desktop\ContactsApp\ContactsApp\obj\x86\Release\ilc\intermediate\ContactsApp.McgInterop\ImplTypes.g.cs"" ""C:\Users\Rick Pro\Desktop\ContactsApp\ContactsApp\obj\x86\Release\ilc\intermediate\ContactsApp.McgInterop\PInvoke.g.cs"" ""C:\Users\Rick Pro\Desktop\ContactsApp\ContactsApp\obj\x86\Release\ilc\intermediate\ContactsApp.McgInterop\SafeTypes.g.cs"" ""C:\Users\Rick Pro\Desktop\ContactsApp\ContactsApp\obj\x86\Release\ilc\intermediate\ContactsApp.McgInterop\SharedStubs.g.cs"""
